event_date,start_time,peak_time,end_time,goes_class,goes_location,noaa_active_region
2010-06-12,2010-06-12 00:30:00.000,2010-06-12 00:57:00.000,2010-06-12 01:02:00.000,M2.0,"(43, 23)",11081
2010-06-13,2010-06-13 05:30:00.000,2010-06-13 05:39:00.000,2010-06-13 05:44:00.000,M1.0,"(84, -25)",11079
2010-08-07,2010-08-07 17:55:00.000,2010-08-07 18:24:00.000,2010-08-07 18:47:00.000,M1.0,"(-34, 11)",11093
2010-10-16,2010-10-16 19:07:00.000,2010-10-16 19:12:00.000,2010-10-16 19:15:00.000,M2.9,"(26, -20)",11112
2010-11-04,2010-11-04 23:30:00.000,2010-11-04 23:58:00.000,2010-11-05 00:12:00.000,M1.6,"(-76, -20)",11121
2010-11-04,2010-11-04 23:30:00.000,2010-11-04 23:58:00.000,2010-11-05 00:12:00.000,M1.6,"(-76, -20)",1121
2010-11-05,2010-11-05 12:43:00.000,2010-11-05 13:29:00.000,2010-11-05 14:06:00.000,M1.0,"(0, 0)",11121
2010-11-06,2010-11-06 15:27:00.000,2010-11-06 15:36:00.000,2010-11-06 15:44:00.000,M5.4,"(-58, -19)",11121
2011-01-28,2011-01-28 00:44:00.000,2011-01-28 01:03:00.000,2011-01-28 01:10:00.000,M1.3,"(0, 0)",11149
2011-02-09,2011-02-09 01:23:00.000,2011-02-09 01:31:00.000,2011-02-09 01:35:00.000,M1.9,"(72, 17)",11153
2011-02-13,2011-02-13 17:28:00.000,2011-02-13 17:38:00.000,2011-02-13 17:47:00.000,M6.6,"(-4, -20)",11158
2011-02-14,2011-02-14 17:20:00.000,2011-02-14 17:26:00.000,2011-02-14 17:32:00.000,M2.2,"(18, 56)",11158
2011-02-15,2011-02-15 01:44:00.000,2011-02-15 01:56:00.000,2011-02-15 02:06:00.000,X2.2,"(0, 0)",11158
2011-02-16,2011-02-16 01:32:00.000,2011-02-16 01:39:00.000,2011-02-16 01:46:00.000,M1.0,"(0, 0)",0
2011-02-16,2011-02-16 07:35:00.000,2011-02-16 07:44:00.000,2011-02-16 07:55:00.000,M1.1,"(0, 0)",11161
2011-02-16,2011-02-16 14:19:00.000,2011-02-16 14:25:00.000,2011-02-16 14:29:00.000,M1.6,"(32, -20)",11158
2011-02-18,2011-02-18 09:55:00.000,2011-02-18 10:11:00.000,2011-02-18 10:15:00.000,M6.6,"(0, 0)",11158
2011-02-18,2011-02-18 10:23:00.000,2011-02-18 10:26:00.000,2011-02-18 10:37:00.000,M1.0,"(0, 0)",11162
2011-02-18,2011-02-18 12:59:00.000,2011-02-18 13:03:00.000,2011-02-18 13:06:00.000,M1.4,"(0, 0)",11158
2011-02-18,2011-02-18 14:00:00.000,2011-02-18 14:08:00.000,2011-02-18 14:15:00.000,M1.0,"(0, 0)",11162
2011-02-18,2011-02-18 20:56:00.000,2011-02-18 21:04:00.000,2011-02-18 21:14:00.000,M1.3,"(0, 0)",11162
2011-02-24,2011-02-24 07:23:00.000,2011-02-24 07:35:00.000,2011-02-24 07:42:00.000,M3.5,"(0, 0)",11163
2011-02-28,2011-02-28 12:38:00.000,2011-02-28 12:52:00.000,2011-02-28 13:03:00.000,M1.1,"(0, 0)",11164
2011-03-07,2011-03-07 05:00:00.000,2011-03-07 05:13:00.000,2011-03-07 05:19:00.000,M1.2,"(0, 0)",11164
2011-03-07,2011-03-07 07:49:00.000,2011-03-07 07:54:00.000,2011-03-07 07:56:00.000,M1.5,"(78, -20)",11165
2011-03-07,2011-03-07 07:59:00.000,2011-03-07 08:07:00.000,2011-03-07 08:15:00.000,M1.4,"(47, 25)",11164
2011-03-07,2011-03-07 09:14:00.000,2011-03-07 09:20:00.000,2011-03-07 09:28:00.000,M1.8,"(50, 23)",11164
2011-03-07,2011-03-07 13:45:00.000,2011-03-07 14:30:00.000,2011-03-07 14:56:00.000,M1.9,"(0, 0)",11166
2011-03-07,2011-03-07 19:43:00.000,2011-03-07 20:12:00.000,2011-03-07 20:58:00.000,M3.7,"(0, 0)",11164
2011-03-07,2011-03-07 21:45:00.000,2011-03-07 21:50:00.000,2011-03-07 21:55:00.000,M1.5,"(0, 0)",11165
2011-03-08,2011-03-08 02:24:00.000,2011-03-08 02:29:00.000,2011-03-08 02:32:00.000,M1.3,"(79, -18)",11165
2011-03-08,2011-03-08 03:37:00.000,2011-03-08 03:58:00.000,2011-03-08 04:20:00.000,M1.5,"(0, 0)",11171
2011-03-08,2011-03-08 10:35:00.000,2011-03-08 10:44:00.000,2011-03-08 10:55:00.000,M5.3,"(0, 0)",11165
2011-03-08,2011-03-08 18:08:00.000,2011-03-08 18:28:00.000,2011-03-08 18:41:00.000,M4.4,"(0, 0)",11165
2011-03-08,2011-03-08 19:46:00.000,2011-03-08 20:16:00.000,2011-03-08 21:19:00.000,M1.4,"(0, 0)",11165
2011-03-09,2011-03-09 10:35:00.000,2011-03-09 11:07:00.000,2011-03-09 11:21:00.000,M1.7,"(0, 0)",11166
2011-03-09,2011-03-09 13:17:00.000,2011-03-09 14:02:00.000,2011-03-09 14:13:00.000,M1.7,"(6, 9)",11166
2011-03-09,2011-03-09 23:13:00.000,2011-03-09 23:23:00.000,2011-03-09 23:29:00.000,X1.5,"(9, 8)",11166
2011-03-10,2011-03-10 22:34:00.000,2011-03-10 22:41:00.000,2011-03-10 22:49:00.000,M1.1,"(0, 0)",0
2011-03-12,2011-03-12 04:33:00.000,2011-03-12 04:43:00.000,2011-03-12 04:48:00.000,M1.3,"(36, 5)",11166
2011-03-14,2011-03-14 19:30:00.000,2011-03-14 19:52:00.000,2011-03-14 19:54:00.000,M4.2,"(48, 18)",11169
2011-03-15,2011-03-15 00:18:00.000,2011-03-15 00:22:00.000,2011-03-15 00:24:00.000,M1.0,"(0, 0)",11169
2011-03-23,2011-03-23 02:03:00.000,2011-03-23 02:17:00.000,2011-03-23 02:24:00.000,M1.4,"(0, 0)",11176
2011-03-24,2011-03-24 12:01:00.000,2011-03-24 12:07:00.000,2011-03-24 12:11:00.000,M1.0,"(-43, -16)",11176
2011-03-25,2011-03-25 23:08:00.000,2011-03-25 23:22:00.000,2011-03-25 23:30:00.000,M1.0,"(0, 0)",11176
2011-04-15,2011-04-15 17:02:00.000,2011-04-15 17:12:00.000,2011-04-15 17:28:00.000,M1.3,"(19, 14)",11190
2011-04-22,2011-04-22 04:35:00.000,2011-04-22 04:57:00.000,2011-04-22 05:14:00.000,M1.8,"(-43, -18)",11195
2011-04-22,2011-04-22 15:47:00.000,2011-04-22 15:53:00.000,2011-04-22 16:11:00.000,M1.2,"(-35, -18)",11195
2011-05-28,2011-05-28 21:09:00.000,2011-05-28 21:50:00.000,2011-05-28 22:01:00.000,M1.1,"(-71, -20)",11226
2011-05-29,2011-05-29 10:08:00.000,2011-05-29 10:33:00.000,2011-05-29 11:08:00.000,M1.4,"(-65, -22)",11226
2011-06-07,2011-06-07 06:16:00.000,2011-06-07 06:41:00.000,2011-06-07 06:59:00.000,M2.5,"(54, -21)",11226
2011-06-14,2011-06-14 21:36:00.000,2011-06-14 21:47:00.000,2011-06-14 22:10:00.000,M1.3,"(-77, 15)",11236
2011-07-27,2011-07-27 15:48:00.000,2011-07-27 16:07:00.000,2011-07-27 16:22:00.000,M1.1,"(-37, 20)",11260
2011-07-30,2011-07-30 02:04:00.000,2011-07-30 02:09:00.000,2011-07-30 02:12:00.000,M9.3,"(0, 0)",11261
2011-08-02,2011-08-02 05:19:00.000,2011-08-02 06:19:00.000,2011-08-02 06:48:00.000,M1.4,"(0, 0)",11261
2011-08-03,2011-08-03 03:08:00.000,2011-08-03 03:37:00.000,2011-08-03 03:51:00.000,M1.1,"(24, 17)",11261
2011-08-03,2011-08-03 04:29:00.000,2011-08-03 04:32:00.000,2011-08-03 04:35:00.000,M1.7,"(0, 0)",11263
2011-08-03,2011-08-03 13:17:00.000,2011-08-03 13:48:00.000,2011-08-03 14:10:00.000,M6.0,"(30, 16)",11261
2011-08-04,2011-08-04 03:41:00.000,2011-08-04 03:57:00.000,2011-08-04 04:04:00.000,M9.3,"(36, 19)",11261
2011-08-08,2011-08-08 18:00:00.000,2011-08-08 18:10:00.000,2011-08-08 18:18:00.000,M3.5,"(61, 16)",11263
2011-08-09,2011-08-09 03:19:00.000,2011-08-09 03:54:00.000,2011-08-09 04:08:00.000,M2.5,"(68, 18)",11263
2011-08-09,2011-08-09 07:48:00.000,2011-08-09 08:05:00.000,2011-08-09 08:08:00.000,X6.9,"(69, 17)",11263
2011-09-04,2011-09-04 11:21:00.000,2011-09-04 11:45:00.000,2011-09-04 11:50:00.000,M3.2,"(0, 0)",11286
2011-09-05,2011-09-05 04:08:00.000,2011-09-05 04:28:00.000,2011-09-05 04:32:00.000,M1.6,"(0, 0)",11286
2011-09-05,2011-09-05 07:27:00.000,2011-09-05 07:58:00.000,2011-09-05 08:06:00.000,M1.2,"(0, 0)",11286
2011-09-06,2011-09-06 01:35:00.000,2011-09-06 01:50:00.000,2011-09-06 02:05:00.000,M5.3,"(7, 14)",11283
2011-09-06,2011-09-06 22:12:00.000,2011-09-06 22:20:00.000,2011-09-06 22:24:00.000,X2.1,"(18, 14)",1283
2011-09-06,2011-09-06 22:12:00.000,2011-09-06 22:20:00.000,2011-09-06 22:24:00.000,X2.1,"(18, 14)",11283
2011-09-07,2011-09-07 22:32:00.000,2011-09-07 22:38:00.000,2011-09-07 22:44:00.000,X1.8,"(28, 14)",11283
2011-09-08,2011-09-08 15:32:00.000,2011-09-08 15:46:00.000,2011-09-08 15:52:00.000,M6.7,"(40, 14)",11283
2011-09-09,2011-09-09 06:01:00.000,2011-09-09 06:11:00.000,2011-09-09 06:17:00.000,M2.7,"(47, 16)",11283
2011-09-09,2011-09-09 12:39:00.000,2011-09-09 12:49:00.000,2011-09-09 12:56:00.000,M1.2,"(52, 13)",11283
2011-09-10,2011-09-10 07:18:00.000,2011-09-10 07:40:00.000,2011-09-10 07:56:00.000,M1.1,"(61, 12)",11283
2011-09-21,2011-09-21 12:04:00.000,2011-09-21 12:23:00.000,2011-09-21 12:45:00.000,M1.8,"(0, 0)",11301
2011-09-22,2011-09-22 09:53:00.000,2011-09-22 10:00:00.000,2011-09-22 10:09:00.000,M1.1,"(0, 0)",11302
2011-09-22,2011-09-22 10:29:00.000,2011-09-22 11:01:00.000,2011-09-22 11:44:00.000,X1.4,"(0, 0)",11302
2011-09-23,2011-09-23 01:47:00.000,2011-09-23 01:59:00.000,2011-09-23 02:10:00.000,M1.6,"(63, 25)",11295
2011-09-23,2011-09-23 21:54:00.000,2011-09-23 22:15:00.000,2011-09-23 22:34:00.000,M1.6,"(73, 23)",11295
2011-09-23,2011-09-23 23:48:00.000,2011-09-23 23:56:00.000,2011-09-24 00:04:00.000,M1.9,"(-52, 11)",11302
2011-09-24,2011-09-24 09:21:00.000,2011-09-24 09:40:00.000,2011-09-24 09:48:00.000,X1.9,"(-60, 12)",11302
2011-09-24,2011-09-24 12:33:00.000,2011-09-24 13:20:00.000,2011-09-24 14:10:00.000,M7.1,"(0, 0)",11302
2011-09-24,2011-09-24 16:36:00.000,2011-09-24 16:59:00.000,2011-09-24 17:15:00.000,M1.7,"(0, 0)",11295
2011-09-24,2011-09-24 17:19:00.000,2011-09-24 17:25:00.000,2011-09-24 17:31:00.000,M3.1,"(0, 0)",11302
2011-09-24,2011-09-24 17:59:00.000,2011-09-24 18:15:00.000,2011-09-24 18:24:00.000,M2.8,"(-56, 15)",11302
2011-09-24,2011-09-24 19:09:00.000,2011-09-24 19:21:00.000,2011-09-24 19:41:00.000,M3.0,"(0, 0)",11302
2011-09-24,2011-09-24 20:29:00.000,2011-09-24 20:36:00.000,2011-09-24 20:42:00.000,M5.8,"(0, 0)",11302
2011-09-24,2011-09-24 21:23:00.000,2011-09-24 21:27:00.000,2011-09-24 21:32:00.000,M1.2,"(67, -29)",11303
2011-09-24,2011-09-24 23:45:00.000,2011-09-24 23:58:00.000,2011-09-25 00:09:00.000,M1.0,"(68, -29)",11303
2011-09-25,2011-09-25 02:27:00.000,2011-09-25 02:33:00.000,2011-09-25 02:37:00.000,M4.4,"(-49, 12)",11302
2011-09-25,2011-09-25 04:31:00.000,2011-09-25 04:50:00.000,2011-09-25 05:05:00.000,M7.4,"(-47, 11)",11302
2011-09-25,2011-09-25 08:46:00.000,2011-09-25 08:49:00.000,2011-09-25 08:52:00.000,M3.1,"(-45, 15)",11302
2011-09-25,2011-09-25 09:25:00.000,2011-09-25 09:35:00.000,2011-09-25 09:53:00.000,M1.5,"(0, 0)",11303
2011-09-25,2011-09-25 15:26:00.000,2011-09-25 15:33:00.000,2011-09-25 15:38:00.000,M3.7,"(-43, 16)",11302
2011-09-25,2011-09-25 16:51:00.000,2011-09-25 16:58:00.000,2011-09-25 17:09:00.000,M2.2,"(75, -28)",11303
2011-09-26,2011-09-26 05:06:00.000,2011-09-26 05:08:00.000,2011-09-26 05:13:00.000,M4.0,"(-34, 13)",11302
2011-09-26,2011-09-26 14:37:00.000,2011-09-26 14:46:00.000,2011-09-26 15:02:00.000,M2.6,"(-30, 14)",11302
2011-09-28,2011-09-28 13:24:00.000,2011-09-28 13:28:00.000,2011-09-28 13:30:00.000,M1.2,"(-3, 13)",11302
2011-09-30,2011-09-30 18:55:00.000,2011-09-30 19:06:00.000,2011-09-30 19:15:00.000,M1.0,"(-6, 8)",11305
2011-10-01,2011-10-01 08:56:00.000,2011-10-01 09:59:00.000,2011-10-01 10:17:00.000,M1.2,"(6, 10)",11305
2011-10-02,2011-10-02 00:37:00.000,2011-10-02 00:50:00.000,2011-10-02 00:59:00.000,M3.9,"(12, 9)",11305
2011-10-02,2011-10-02 17:19:00.000,2011-10-02 17:23:00.000,2011-10-02 17:26:00.000,M1.3,"(56, 9)",11302
2011-10-20,2011-10-20 03:10:00.000,2011-10-20 03:25:00.000,2011-10-20 03:44:00.000,M1.6,"(0, 0)",0
2011-10-21,2011-10-21 12:53:00.000,2011-10-21 13:00:00.000,2011-10-21 13:08:00.000,M1.3,"(0, 0)",11319
2011-10-22,2011-10-22 10:00:00.000,2011-10-22 11:10:00.000,2011-10-22 13:09:00.000,M1.3,"(77, 25)",11314
2011-10-31,2011-10-31 14:55:00.000,2011-10-31 15:08:00.000,2011-10-31 15:27:00.000,M1.1,"(0, 0)",0
2011-10-31,2011-10-31 17:21:00.000,2011-10-31 18:08:00.000,2011-10-31 18:50:00.000,M1.4,"(0, 0)",0
2011-11-02,2011-11-02 21:52:00.000,2011-11-02 22:01:00.000,2011-11-02 22:19:00.000,M4.3,"(0, 0)",11339
2011-11-03,2011-11-03 10:58:00.000,2011-11-03 11:11:00.000,2011-11-03 11:20:00.000,M2.5,"(0, 0)",11339
2011-11-03,2011-11-03 20:16:00.000,2011-11-03 20:27:00.000,2011-11-03 20:32:00.000,X1.9,"(-63, 22)",11339
2011-11-03,2011-11-03 23:28:00.000,2011-11-03 23:36:00.000,2011-11-03 23:44:00.000,M2.1,"(-61, 19)",11339
2011-11-04,2011-11-04 20:31:00.000,2011-11-04 20:40:00.000,2011-11-04 20:46:00.000,M1.0,"(0, 0)",11339
2011-11-05,2011-11-05 03:08:00.000,2011-11-05 03:35:00.000,2011-11-05 03:58:00.000,M3.7,"(-45, 20)",11339
2011-11-05,2011-11-05 11:10:00.000,2011-11-05 11:21:00.000,2011-11-05 11:42:00.000,M1.1,"(0, 0)",11339
2011-11-05,2011-11-05 20:31:00.000,2011-11-05 20:38:00.000,2011-11-05 20:54:00.000,M1.8,"(-34, 21)",11339
2011-11-06,2011-11-06 00:46:00.000,2011-11-06 01:03:00.000,2011-11-06 01:24:00.000,M1.2,"(-35, 21)",11339
2011-11-06,2011-11-06 06:14:00.000,2011-11-06 06:35:00.000,2011-11-06 06:41:00.000,M1.4,"(-31, 21)",11339
2011-11-09,2011-11-09 13:04:00.000,2011-11-09 13:35:00.000,2011-11-09 14:12:00.000,M1.1,"(0, 0)",11342
2011-11-15,2011-11-15 09:03:00.000,2011-11-15 09:12:00.000,2011-11-15 09:23:00.000,M1.2,"(74, 20)",11348
2011-11-15,2011-11-15 12:30:00.000,2011-11-15 12:43:00.000,2011-11-15 12:50:00.000,M1.9,"(0, 0)",11346
2011-11-15,2011-11-15 22:27:00.000,2011-11-15 22:35:00.000,2011-11-15 22:42:00.000,M1.1,"(80, 20)",11348
2011-12-25,2011-12-25 18:11:00.000,2011-12-25 18:16:00.000,2011-12-25 18:20:00.000,M4.0,"(26, -22)",11387
2011-12-26,2011-12-26 02:13:00.000,2011-12-26 02:27:00.000,2011-12-26 02:36:00.000,M1.5,"(33, -21)",11387
2011-12-26,2011-12-26 20:12:00.000,2011-12-26 20:30:00.000,2011-12-26 20:36:00.000,M2.3,"(42, -21)",11387
2011-12-29,2011-12-29 13:40:00.000,2011-12-29 13:50:00.000,2011-12-29 14:01:00.000,M1.9,"(0, 0)",11389
2011-12-29,2011-12-29 21:43:00.000,2011-12-29 21:51:00.000,2011-12-29 21:59:00.000,M2.0,"(-65, -27)",11389
2011-12-30,2011-12-30 03:03:00.000,2011-12-30 03:09:00.000,2011-12-30 03:13:00.000,M1.2,"(-64, -27)",11389
2011-12-31,2011-12-31 13:09:00.000,2011-12-31 13:15:00.000,2011-12-31 13:19:00.000,M2.4,"(0, 0)",11389
2011-12-31,2011-12-31 16:16:00.000,2011-12-31 16:26:00.000,2011-12-31 16:34:00.000,M1.5,"(-42, -26)",11389
2012-01-14,2012-01-14 13:14:00.000,2012-01-14 13:18:00.000,2012-01-14 13:20:00.000,M1.4,"(0, 0)",11401
2012-01-17,2012-01-17 04:41:00.000,2012-01-17 04:53:00.000,2012-01-17 05:07:00.000,M1.0,"(-54, 18)",11401
2012-01-18,2012-01-18 19:04:00.000,2012-01-18 19:12:00.000,2012-01-18 19:27:00.000,M1.7,"(-33, 17)",11401
2012-01-19,2012-01-19 13:44:00.000,2012-01-19 16:05:00.000,2012-01-19 17:50:00.000,M3.2,"(-22, 32)",11402
2012-01-23,2012-01-23 03:38:00.000,2012-01-23 03:59:00.000,2012-01-23 04:34:00.000,M8.7,"(21, 28)",11402
2012-01-27,2012-01-27 17:37:00.000,2012-01-27 18:37:00.000,2012-01-27 18:56:00.000,X1.7,"(71, 27)",11402
2012-02-06,2012-02-06 19:31:00.000,2012-02-06 20:00:00.000,2012-02-06 20:17:00.000,M1.0,"(60, 19)",11410
2012-03-02,2012-03-02 17:29:00.000,2012-03-02 17:46:00.000,2012-03-02 18:07:00.000,M3.3,"(-83, 16)",11429
2012-03-04,2012-03-04 10:29:00.000,2012-03-04 10:52:00.000,2012-03-04 12:16:00.000,M2.0,"(-61, 19)",11429
2012-03-05,2012-03-05 02:30:00.000,2012-03-05 04:09:00.000,2012-03-05 04:43:00.000,X1.1,"(-52, 17)",11429
2012-03-05,2012-03-05 19:10:00.000,2012-03-05 19:16:00.000,2012-03-05 19:21:00.000,M2.1,"(-44, 14)",11429
2012-03-05,2012-03-05 19:27:00.000,2012-03-05 19:30:00.000,2012-03-05 19:32:00.000,M1.8,"(-44, 14)",11429
2012-03-05,2012-03-05 22:26:00.000,2012-03-05 22:34:00.000,2012-03-05 22:42:00.000,M1.3,"(0, 0)",11429
2012-03-06,2012-03-06 00:22:00.000,2012-03-06 00:28:00.000,2012-03-06 00:31:00.000,M1.3,"(-41, 16)",11429
2012-03-06,2012-03-06 01:36:00.000,2012-03-06 01:44:00.000,2012-03-06 01:50:00.000,M1.2,"(0, 0)",11429
2012-03-06,2012-03-06 04:01:00.000,2012-03-06 04:05:00.000,2012-03-06 04:08:00.000,M1.0,"(-39, 16)",11429
2012-03-06,2012-03-06 07:52:00.000,2012-03-06 07:55:00.000,2012-03-06 08:00:00.000,M1.0,"(0, 0)",11429
2012-03-06,2012-03-06 12:23:00.000,2012-03-06 12:41:00.000,2012-03-06 12:54:00.000,M2.1,"(-36, 18)",11429
2012-03-06,2012-03-06 21:04:00.000,2012-03-06 21:11:00.000,2012-03-06 21:14:00.000,M1.3,"(0, 0)",0
2012-03-06,2012-03-06 22:49:00.000,2012-03-06 22:53:00.000,2012-03-06 23:11:00.000,M1.0,"(0, 0)",11429
2012-03-07,2012-03-07 00:02:00.000,2012-03-07 00:24:00.000,2012-03-07 00:40:00.000,X5.4,"(0, 0)",11429
2012-03-07,2012-03-07 01:05:00.000,2012-03-07 01:14:00.000,2012-03-07 01:23:00.000,X1.3,"(-12, 22)",11430
2012-03-09,2012-03-09 03:22:00.000,2012-03-09 03:53:00.000,2012-03-09 04:18:00.000,M6.3,"(0, 0)",11429
2012-03-10,2012-03-10 17:15:00.000,2012-03-10 17:44:00.000,2012-03-10 18:30:00.000,M8.4,"(0, 0)",11429
2012-03-13,2012-03-13 17:12:00.000,2012-03-13 17:41:00.000,2012-03-13 18:25:00.000,M7.9,"(0, 0)",11429
2012-03-14,2012-03-14 15:08:00.000,2012-03-14 15:21:00.000,2012-03-14 15:36:00.000,M2.8,"(-5, 14)",11432
2012-03-15,2012-03-15 07:23:00.000,2012-03-15 07:52:00.000,2012-03-15 08:08:00.000,M1.8,"(3, 14)",11432
2012-03-17,2012-03-17 20:32:00.000,2012-03-17 20:39:00.000,2012-03-17 20:42:00.000,M1.3,"(25, -20)",11434
2012-03-23,2012-03-23 19:34:00.000,2012-03-23 19:40:00.000,2012-03-23 19:44:00.000,M1.0,"(0, 0)",11445
2012-04-16,2012-04-16 17:24:00.000,2012-04-16 17:45:00.000,2012-04-16 18:00:00.000,M1.7,"(0, 0)",11461
2012-04-27,2012-04-27 08:15:00.000,2012-04-27 08:24:00.000,2012-04-27 08:29:00.000,M1.0,"(30, 11)",11466
2012-05-05,2012-05-05 13:19:00.000,2012-05-05 13:23:00.000,2012-05-05 13:29:00.000,M1.4,"(-82, 13)",11476
2012-05-05,2012-05-05 22:56:00.000,2012-05-05 23:01:00.000,2012-05-05 23:04:00.000,M1.3,"(-75, 9)",11476
2012-05-06,2012-05-06 01:12:00.000,2012-05-06 01:18:00.000,2012-05-06 01:20:00.000,M1.1,"(0, 0)",11476
2012-05-06,2012-05-06 17:41:00.000,2012-05-06 17:47:00.000,2012-05-06 17:52:00.000,M1.3,"(-64, 10)",11476
2012-05-07,2012-05-07 14:03:00.000,2012-05-07 14:31:00.000,2012-05-07 14:52:00.000,M1.9,"(46, -19)",11471
2012-05-08,2012-05-08 13:02:00.000,2012-05-08 13:08:00.000,2012-05-08 13:12:00.000,M1.4,"(-44, 13)",11476
2012-05-09,2012-05-09 12:21:00.000,2012-05-09 12:32:00.000,2012-05-09 12:36:00.000,M4.7,"(-31, 13)",11476
2012-05-09,2012-05-09 14:02:00.000,2012-05-09 14:08:00.000,2012-05-09 14:14:00.000,M1.8,"(-22, 6)",11476
2012-05-09,2012-05-09 21:01:00.000,2012-05-09 21:05:00.000,2012-05-09 21:09:00.000,M4.1,"(0, 0)",11476
2012-05-10,2012-05-10 04:11:00.000,2012-05-10 04:18:00.000,2012-05-10 04:23:00.000,M5.7,"(-22, 13)",11476
2012-05-10,2012-05-10 20:20:00.000,2012-05-10 20:26:00.000,2012-05-10 20:30:00.000,M1.7,"(0, 0)",11476
2012-05-17,2012-05-17 01:25:00.000,2012-05-17 01:47:00.000,2012-05-17 02:14:00.000,M5.1,"(76, 11)",11476
2012-06-03,2012-06-03 17:48:00.000,2012-06-03 17:55:00.000,2012-06-03 17:57:00.000,M3.3,"(0, 0)",11496
2012-06-06,2012-06-06 19:54:00.000,2012-06-06 20:06:00.000,2012-06-06 20:13:00.000,M2.1,"(5, -19)",11494
2012-06-09,2012-06-09 11:20:00.000,2012-06-09 11:32:00.000,2012-06-09 11:35:00.000,M1.9,"(0, 0)",11504
2012-06-09,2012-06-09 16:45:00.000,2012-06-09 16:53:00.000,2012-06-09 16:56:00.000,M1.8,"(-74, -17)",11504
2012-06-10,2012-06-10 06:39:00.000,2012-06-10 06:45:00.000,2012-06-10 06:50:00.000,M1.3,"(0, 0)",11504
2012-06-13,2012-06-13 11:29:00.000,2012-06-13 13:17:00.000,2012-06-13 14:31:00.000,M1.2,"(-18, -16)",11504
2012-06-14,2012-06-14 12:52:00.000,2012-06-14 14:35:00.000,2012-06-14 15:56:00.000,M1.9,"(0, 0)",11504
2012-06-28,2012-06-28 16:07:00.000,2012-06-28 16:12:00.000,2012-06-28 16:15:00.000,M2.4,"(-45, 16)",11513
2012-06-29,2012-06-29 09:13:00.000,2012-06-29 09:20:00.000,2012-06-29 09:22:00.000,M2.2,"(-37, 17)",11513
2012-06-30,2012-06-30 12:48:00.000,2012-06-30 12:52:00.000,2012-06-30 12:54:00.000,M1.0,"(-21, 17)",11513
2012-06-30,2012-06-30 18:26:00.000,2012-06-30 18:32:00.000,2012-06-30 18:34:00.000,M1.6,"(0, 0)",11513
2012-07-01,2012-07-01 19:11:00.000,2012-07-01 19:18:00.000,2012-07-01 19:21:00.000,M2.8,"(-4, 14)",11513
2012-07-02,2012-07-02 00:26:00.000,2012-07-02 00:35:00.000,2012-07-02 00:40:00.000,M1.1,"(-1, 15)",11513
2012-07-02,2012-07-02 10:43:00.000,2012-07-02 10:52:00.000,2012-07-02 10:57:00.000,M5.6,"(-8, -17)",11515
2012-07-02,2012-07-02 19:59:00.000,2012-07-02 20:07:00.000,2012-07-02 20:13:00.000,M3.8,"(1, -17)",11515
2012-07-02,2012-07-02 23:49:00.000,2012-07-02 23:56:00.000,2012-07-03 00:03:00.000,M2.0,"(2, -16)",11515
2012-07-04,2012-07-04 04:28:00.000,2012-07-04 04:37:00.000,2012-07-04 04:45:00.000,M2.3,"(18, -17)",11515
2012-07-04,2012-07-04 09:47:00.000,2012-07-04 09:55:00.000,2012-07-04 09:57:00.000,M5.3,"(18, -20)",11515
2012-07-04,2012-07-04 12:07:00.000,2012-07-04 12:24:00.000,2012-07-04 12:32:00.000,M2.3,"(0, 0)",11515
2012-07-04,2012-07-04 14:35:00.000,2012-07-04 14:40:00.000,2012-07-04 14:42:00.000,M1.3,"(18, -18)",11515
2012-07-04,2012-07-04 16:33:00.000,2012-07-04 16:39:00.000,2012-07-04 16:48:00.000,M1.8,"(34, 14)",11513
2012-07-04,2012-07-04 22:03:00.000,2012-07-04 22:09:00.000,2012-07-04 22:15:00.000,M4.6,"(0, 0)",11515
2012-07-04,2012-07-04 23:47:00.000,2012-07-04 23:55:00.000,2012-07-05 00:02:00.000,M1.2,"(0, 0)",11515
2012-07-05,2012-07-05 01:05:00.000,2012-07-05 01:10:00.000,2012-07-05 01:15:00.000,M2.4,"(26, -18)",11515
2012-07-05,2012-07-05 02:35:00.000,2012-07-05 02:42:00.000,2012-07-05 02:47:00.000,M2.2,"(0, 0)",11515
2012-07-05,2012-07-05 03:25:00.000,2012-07-05 03:36:00.000,2012-07-05 03:39:00.000,M4.7,"(0, 0)",11515
2012-07-05,2012-07-05 06:49:00.000,2012-07-05 06:58:00.000,2012-07-05 07:05:00.000,M1.1,"(39, -18)",11515
2012-07-05,2012-07-05 07:40:00.000,2012-07-05 07:45:00.000,2012-07-05 07:48:00.000,M1.3,"(0, 0)",11519
2012-07-05,2012-07-05 10:44:00.000,2012-07-05 10:48:00.000,2012-07-05 10:50:00.000,M1.8,"(30, -19)",11515
2012-07-05,2012-07-05 11:39:00.000,2012-07-05 11:44:00.000,2012-07-05 11:49:00.000,M6.1,"(-68, -22)",11515
2012-07-05,2012-07-05 13:05:00.000,2012-07-05 13:18:00.000,2012-07-05 13:32:00.000,M1.2,"(43, -16)",11515
2012-07-05,2012-07-05 20:09:00.000,2012-07-05 20:14:00.000,2012-07-05 20:28:00.000,M1.6,"(0, 0)",11515
2012-07-05,2012-07-05 21:37:00.000,2012-07-05 21:45:00.000,2012-07-05 21:51:00.000,M1.6,"(46, -12)",11515
2012-07-06,2012-07-06 01:37:00.000,2012-07-06 01:40:00.000,2012-07-06 01:42:00.000,M2.9,"(41, -18)",11515
2012-07-06,2012-07-06 02:44:00.000,2012-07-06 02:51:00.000,2012-07-06 02:58:00.000,M1.0,"(0, 0)",11515
2012-07-06,2012-07-06 08:17:00.000,2012-07-06 08:23:00.000,2012-07-06 08:27:00.000,M1.5,"(40, -17)",11515
2012-07-06,2012-07-06 10:24:00.000,2012-07-06 10:29:00.000,2012-07-06 10:32:00.000,M1.8,"(42, -17)",11515
2012-07-06,2012-07-06 13:26:00.000,2012-07-06 13:30:00.000,2012-07-06 13:32:00.000,M1.2,"(45, -20)",11515
2012-07-06,2012-07-06 18:48:00.000,2012-07-06 18:55:00.000,2012-07-06 19:05:00.000,M1.3,"(51, -18)",11515
2012-07-06,2012-07-06 23:01:00.000,2012-07-06 23:08:00.000,2012-07-06 23:14:00.000,X1.1,"(0, 0)",11515
2012-07-07,2012-07-07 03:10:00.000,2012-07-07 03:15:00.000,2012-07-07 03:23:00.000,M1.2,"(51, -17)",11515
2012-07-07,2012-07-07 08:18:00.000,2012-07-07 08:28:00.000,2012-07-07 08:39:00.000,M1.0,"(0, 0)",11520
2012-07-07,2012-07-07 10:57:00.000,2012-07-07 11:03:00.000,2012-07-07 11:07:00.000,M2.6,"(58, -19)",11515
2012-07-08,2012-07-08 05:41:00.000,2012-07-08 05:46:00.000,2012-07-08 05:52:00.000,M1.3,"(65, -17)",11515
2012-07-08,2012-07-08 09:44:00.000,2012-07-08 09:53:00.000,2012-07-08 09:57:00.000,M1.1,"(67, -21)",11515
2012-07-08,2012-07-08 12:06:00.000,2012-07-08 12:10:00.000,2012-07-08 12:13:00.000,M1.4,"(69, -21)",11515
2012-07-08,2012-07-08 16:23:00.000,2012-07-08 16:32:00.000,2012-07-08 16:42:00.000,M6.9,"(74, -17)",11515
2012-07-09,2012-07-09 23:03:00.000,2012-07-09 23:07:00.000,2012-07-09 23:11:00.000,M1.1,"(0, 0)",11520
2012-07-10,2012-07-10 04:58:00.000,2012-07-10 05:14:00.000,2012-07-10 05:31:00.000,M1.7,"(0, 0)",11520
2012-07-10,2012-07-10 06:05:00.000,2012-07-10 06:27:00.000,2012-07-10 06:47:00.000,M2.0,"(-30, -17)",11520
2012-07-12,2012-07-12 15:37:00.000,2012-07-12 16:49:00.000,2012-07-12 17:30:00.000,X1.4,"(1, -15)",11520
2012-07-14,2012-07-14 04:51:00.000,2012-07-14 04:58:00.000,2012-07-14 05:05:00.000,M1.0,"(36, -22)",11521
2012-07-17,2012-07-17 12:03:00.000,2012-07-17 17:15:00.000,2012-07-17 19:04:00.000,M1.7,"(65, -28)",11520
2012-07-19,2012-07-19 04:17:00.000,2012-07-19 05:58:00.000,2012-07-19 06:56:00.000,M7.7,"(0, 0)",11520
2012-07-27,2012-07-27 17:17:00.000,2012-07-27 17:26:00.000,2012-07-27 17:32:00.000,M2.7,"(-62, -18)",11532
2012-07-28,2012-07-28 20:44:00.000,2012-07-28 20:56:00.000,2012-07-28 21:04:00.000,M6.1,"(-54, -25)",11532
2012-07-29,2012-07-29 06:15:00.000,2012-07-29 06:22:00.000,2012-07-29 06:29:00.000,M2.3,"(-49, -22)",11532
2012-07-30,2012-07-30 15:39:00.000,2012-07-30 15:48:00.000,2012-07-30 15:53:00.000,M1.1,"(-28, -22)",11536
2012-08-06,2012-08-06 04:33:00.000,2012-08-06 04:38:00.000,2012-08-06 04:41:00.000,M1.6,"(0, 0)",11542
2012-08-11,2012-08-11 11:55:00.000,2012-08-11 12:20:00.000,2012-08-11 12:57:00.000,M1.0,"(38, -28)",11540
2012-08-17,2012-08-17 13:12:00.000,2012-08-17 13:19:00.000,2012-08-17 13:23:00.000,M2.4,"(0, 0)",11548
2012-08-17,2012-08-17 17:08:00.000,2012-08-17 17:20:00.000,2012-08-17 17:27:00.000,M1.0,"(0, 0)",11548
2012-08-18,2012-08-18 00:24:00.000,2012-08-18 01:02:00.000,2012-08-18 01:07:00.000,M5.5,"(-86, 19)",11548
2012-08-18,2012-08-18 03:17:00.000,2012-08-18 03:23:00.000,2012-08-18 03:30:00.000,M1.8,"(-86, 19)",11548
2012-08-18,2012-08-18 16:02:00.000,2012-08-18 16:07:00.000,2012-08-18 16:09:00.000,M2.0,"(-80, 19)",11548
2012-08-18,2012-08-18 22:46:00.000,2012-08-18 22:54:00.000,2012-08-18 23:00:00.000,M1.0,"(-78, 19)",11548
2012-08-18,2012-08-18 23:15:00.000,2012-08-18 23:22:00.000,2012-08-18 23:32:00.000,M1.3,"(-76, 21)",11548
2012-08-30,2012-08-30 12:02:00.000,2012-08-30 12:11:00.000,2012-08-30 12:14:00.000,M1.3,"(0, 0)",11563
2012-09-06,2012-09-06 04:06:00.000,2012-09-06 04:13:00.000,2012-09-06 04:20:00.000,M1.6,"(0, 0)",11560
2012-09-08,2012-09-08 17:35:00.000,2012-09-08 17:59:00.000,2012-09-08 18:20:00.000,M1.4,"(0, 0)",11564
2012-09-09,2012-09-09 21:50:00.000,2012-09-09 22:36:00.000,2012-09-09 22:56:00.000,M1.2,"(52, -15)",11564
2012-09-30,2012-09-30 04:27:00.000,2012-09-30 04:33:00.000,2012-09-30 04:42:00.000,M1.3,"(0, 0)",11583
2012-10-08,2012-10-08 11:05:00.000,2012-10-08 11:17:00.000,2012-10-08 11:23:00.000,M2.3,"(0, 0)",0
2012-10-09,2012-10-09 23:22:00.000,2012-10-09 23:31:00.000,2012-10-09 23:35:00.000,M1.7,"(0, 0)",0
2012-10-10,2012-10-10 04:51:00.000,2012-10-10 05:04:00.000,2012-10-10 05:20:00.000,M1.0,"(0, 0)",0
2012-10-20,2012-10-20 18:05:00.000,2012-10-20 18:14:00.000,2012-10-20 18:19:00.000,M9.0,"(0, 0)",11598
2012-10-21,2012-10-21 19:46:00.000,2012-10-21 20:03:00.000,2012-10-21 20:20:00.000,M1.3,"(-76, -10)",11598
2012-10-22,2012-10-22 18:38:00.000,2012-10-22 18:51:00.000,2012-10-22 19:01:00.000,M5.0,"(-61, -12)",11598
2012-10-23,2012-10-23 03:13:00.000,2012-10-23 03:17:00.000,2012-10-23 03:21:00.000,X1.8,"(0, 0)",11598
2012-11-08,2012-11-08 02:08:00.000,2012-11-08 02:23:00.000,2012-11-08 02:55:00.000,M1.7,"(0, 0)",11611
2012-11-11,2012-11-11 02:11:00.000,2012-11-11 02:33:00.000,2012-11-11 02:52:00.000,M1.0,"(0, 0)",11614
2012-11-12,2012-11-12 23:13:00.000,2012-11-12 23:28:00.000,2012-11-12 23:33:00.000,M2.0,"(0, 0)",11613
2012-11-13,2012-11-13 01:58:00.000,2012-11-13 02:04:00.000,2012-11-13 02:06:00.000,M6.0,"(0, 0)",11613
2012-11-13,2012-11-13 05:42:00.000,2012-11-13 05:50:00.000,2012-11-13 05:54:00.000,M2.5,"(0, 0)",11613
2012-11-13,2012-11-13 20:50:00.000,2012-11-13 20:54:00.000,2012-11-13 20:57:00.000,M2.8,"(-33, -22)",11613
2012-11-14,2012-11-14 03:59:00.000,2012-11-14 04:04:00.000,2012-11-14 04:07:00.000,M1.1,"(0, 0)",11613
2012-11-20,2012-11-20 12:36:00.000,2012-11-20 12:41:00.000,2012-11-20 12:46:00.000,M1.7,"(0, 0)",0
2012-11-20,2012-11-20 19:21:00.000,2012-11-20 19:28:00.000,2012-11-20 19:32:00.000,M1.6,"(-15, 7)",11618
2012-11-21,2012-11-21 06:45:00.000,2012-11-21 06:56:00.000,2012-11-21 07:08:00.000,M1.4,"(-10, 6)",11618
2012-11-21,2012-11-21 15:10:00.000,2012-11-21 15:30:00.000,2012-11-21 15:38:00.000,M3.5,"(0, 0)",11618
2012-11-27,2012-11-27 15:52:00.000,2012-11-27 15:57:00.000,2012-11-27 16:03:00.000,M1.6,"(73, 5)",11618
2012-11-27,2012-11-27 21:05:00.000,2012-11-27 21:26:00.000,2012-11-27 21:30:00.000,M1.0,"(41, -14)",11620
2012-11-28,2012-11-28 21:20:00.000,2012-11-28 21:36:00.000,2012-11-28 21:48:00.000,M2.2,"(57, -14)",11620
2013-01-05,2013-01-05 09:26:00.000,2013-01-05 09:31:00.000,2013-01-05 09:34:00.000,M1.7,"(0, 0)",11652
2013-01-11,2013-01-11 08:43:00.000,2013-01-11 09:11:00.000,2013-01-11 09:17:00.000,M1.2,"(0, 0)",11654
2013-01-11,2013-01-11 14:51:00.000,2013-01-11 15:07:00.000,2013-01-11 15:24:00.000,M1.0,"(0, 0)",11654
2013-01-13,2013-01-13 00:45:00.000,2013-01-13 00:50:00.000,2013-01-13 00:52:00.000,M1.0,"(0, 0)",11652
2013-01-13,2013-01-13 08:35:00.000,2013-01-13 08:38:00.000,2013-01-13 08:40:00.000,M1.7,"(0, 0)",11652
2013-02-17,2013-02-17 15:45:00.000,2013-02-17 15:50:00.000,2013-02-17 15:52:00.000,M1.9,"(-22, 12)",11675
2013-03-05,2013-03-05 07:47:00.000,2013-03-05 07:54:00.000,2013-03-05 07:59:00.000,M1.2,"(54, -15)",11686
2013-03-15,2013-03-15 05:46:00.000,2013-03-15 06:58:00.000,2013-03-15 08:35:00.000,M1.1,"(-12, 11)",11692
2013-03-21,2013-03-21 21:42:00.000,2013-03-21 22:04:00.000,2013-03-21 22:36:00.000,M1.6,"(0, 0)",11692
2013-04-05,2013-04-05 17:34:00.000,2013-04-05 17:48:00.000,2013-04-05 18:04:00.000,M2.2,"(0, 0)",11719
2013-04-11,2013-04-11 06:55:00.000,2013-04-11 07:16:00.000,2013-04-11 07:29:00.000,M6.5,"(-12, 9)",11719
2013-04-12,2013-04-12 19:52:00.000,2013-04-12 20:38:00.000,2013-04-12 20:46:00.000,M3.3,"(0, 0)",11718
2013-04-22,2013-04-22 10:22:00.000,2013-04-22 10:29:00.000,2013-04-22 10:31:00.000,M1.0,"(0, 0)",11726
2013-05-02,2013-05-02 04:58:00.000,2013-05-02 05:10:00.000,2013-05-02 05:19:00.000,M1.1,"(26, 10)",11731
2013-05-03,2013-05-03 16:39:00.000,2013-05-03 16:55:00.000,2013-05-03 17:22:00.000,M1.3,"(38, 10)",11731
2013-05-03,2013-05-03 17:24:00.000,2013-05-03 17:32:00.000,2013-05-03 17:41:00.000,M5.7,"(-81, 16)",11739
2013-05-05,2013-05-05 17:42:00.000,2013-05-05 17:56:00.000,2013-05-05 17:58:00.000,M1.4,"(-49, 13)",11739
2013-05-10,2013-05-10 00:44:00.000,2013-05-10 00:57:00.000,2013-05-10 01:08:00.000,M3.9,"(0, 0)",11745
2013-05-10,2013-05-10 12:37:00.000,2013-05-10 12:56:00.000,2013-05-10 13:04:00.000,M1.3,"(0, 0)",11745
2013-05-12,2013-05-12 20:17:00.000,2013-05-12 20:32:00.000,2013-05-12 21:03:00.000,M1.9,"(0, 0)",11748
2013-05-12,2013-05-12 22:37:00.000,2013-05-12 22:44:00.000,2013-05-12 22:52:00.000,M1.2,"(0, 0)",11748
2013-05-13,2013-05-13 01:53:00.000,2013-05-13 02:17:00.000,2013-05-13 02:32:00.000,X1.7,"(0, 0)",11748
2013-05-13,2013-05-13 11:57:00.000,2013-05-13 12:03:00.000,2013-05-13 12:09:00.000,M1.3,"(0, 0)",11748
2013-05-13,2013-05-13 15:48:00.000,2013-05-13 16:05:00.000,2013-05-13 16:16:00.000,X2.8,"(-85, 11)",11748
2013-05-14,2013-05-14 00:00:00.000,2013-05-14 01:11:00.000,2013-05-14 01:20:00.000,X3.2,"(0, 0)",11748
2013-05-15,2013-05-15 01:25:00.000,2013-05-15 01:48:00.000,2013-05-15 01:58:00.000,X1.2,"(-64, 12)",11748
2013-05-16,2013-05-16 21:36:00.000,2013-05-16 21:53:00.000,2013-05-16 22:03:00.000,M1.3,"(-41, 13)",11748
2013-05-17,2013-05-17 08:43:00.000,2013-05-17 08:57:00.000,2013-05-17 09:19:00.000,M3.2,"(0, 0)",11748
2013-05-20,2013-05-20 05:16:00.000,2013-05-20 05:25:00.000,2013-05-20 06:03:00.000,M1.7,"(0, 0)",11755
2013-05-22,2013-05-22 13:08:00.000,2013-05-22 13:32:00.000,2013-05-22 14:08:00.000,M5.0,"(0, 0)",11745
2013-05-31,2013-05-31 19:52:00.000,2013-05-31 20:00:00.000,2013-05-31 20:06:00.000,M1.0,"(-43, 13)",11760
2013-06-05,2013-06-05 08:14:00.000,2013-06-05 08:57:00.000,2013-06-05 09:26:00.000,M1.3,"(51, -32)",11762
2013-06-07,2013-06-07 22:11:00.000,2013-06-07 22:49:00.000,2013-06-07 23:04:00.000,M5.9,"(0, 0)",11762
2013-06-21,2013-06-21 02:30:00.000,2013-06-21 03:14:00.000,2013-06-21 03:43:00.000,M2.9,"(-73, -16)",11777
2013-06-23,2013-06-23 20:48:00.000,2013-06-23 20:56:00.000,2013-06-23 20:59:00.000,M2.9,"(-62, -15)",11778
2013-07-03,2013-07-03 07:00:00.000,2013-07-03 07:08:00.000,2013-07-03 07:18:00.000,M1.5,"(-82, -11)",11787
2013-08-12,2013-08-12 10:21:00.000,2013-08-12 10:41:00.000,2013-08-12 10:47:00.000,M1.5,"(-19, -17)",11817
2013-08-17,2013-08-17 18:16:00.000,2013-08-17 18:24:00.000,2013-08-17 18:35:00.000,M3.3,"(30, -7)",11818
2013-08-17,2013-08-17 18:49:00.000,2013-08-17 19:33:00.000,2013-08-17 19:54:00.000,M1.4,"(0, 0)",11818
2013-10-09,2013-10-09 01:23:00.000,2013-10-09 01:48:00.000,2013-10-09 01:56:00.000,M2.8,"(0, 0)",11865
2013-10-11,2013-10-11 07:01:00.000,2013-10-11 07:25:00.000,2013-10-11 07:45:00.000,M1.5,"(0, 0)",0
2013-10-13,2013-10-13 00:12:00.000,2013-10-13 00:43:00.000,2013-10-13 01:05:00.000,M1.7,"(-17, -22)",11865
2013-10-15,2013-10-15 08:26:00.000,2013-10-15 08:38:00.000,2013-10-15 08:48:00.000,M1.8,"(13, -22)",11865
2013-10-15,2013-10-15 23:31:00.000,2013-10-15 23:36:00.000,2013-10-15 23:41:00.000,M1.3,"(20, -23)",11865
2013-10-17,2013-10-17 15:09:00.000,2013-10-17 15:41:00.000,2013-10-17 15:58:00.000,M1.2,"(0, 0)",11861
2013-10-22,2013-10-22 00:14:00.000,2013-10-22 00:22:00.000,2013-10-22 00:28:00.000,M1.0,"(-17, 6)",11875
2013-10-22,2013-10-22 14:49:00.000,2013-10-22 15:20:00.000,2013-10-22 15:28:00.000,M1.0,"(-7, 7)",11875
2013-10-22,2013-10-22 21:15:00.000,2013-10-22 21:20:00.000,2013-10-22 21:22:00.000,M4.2,"(1, 4)",11875
2013-10-23,2013-10-23 20:41:00.000,2013-10-23 20:53:00.000,2013-10-23 20:59:00.000,M2.7,"(0, 0)",11875
2013-10-23,2013-10-23 23:33:00.000,2013-10-23 23:43:00.000,2013-10-23 23:47:00.000,M1.4,"(7, 7)",11875
2013-10-23,2013-10-23 23:58:00.000,2013-10-24 00:08:00.000,2013-10-24 00:16:00.000,M3.1,"(0, 0)",11875
2013-10-24,2013-10-24 00:21:00.000,2013-10-24 00:30:00.000,2013-10-24 00:35:00.000,M9.3,"(-8, -10)",11877
2013-10-24,2013-10-24 09:59:00.000,2013-10-24 10:09:00.000,2013-10-24 10:17:00.000,M2.5,"(14, 6)",11875
2013-10-24,2013-10-24 10:30:00.000,2013-10-24 10:33:00.000,2013-10-24 10:37:00.000,M3.5,"(0, 0)",11875
2013-10-25,2013-10-25 02:48:00.000,2013-10-25 03:02:00.000,2013-10-25 03:12:00.000,M2.9,"(0, 0)",11882
2013-10-25,2013-10-25 07:53:00.000,2013-10-25 08:01:00.000,2013-10-25 08:09:00.000,X1.7,"(0, 0)",11882
2013-10-25,2013-10-25 09:43:00.000,2013-10-25 10:12:00.000,2013-10-25 10:25:00.000,M1.0,"(-68, -3)",11882
2013-10-25,2013-10-25 14:51:00.000,2013-10-25 15:03:00.000,2013-10-25 15:12:00.000,X2.1,"(0, 0)",11882
2013-10-25,2013-10-25 17:02:00.000,2013-10-25 17:09:00.000,2013-10-25 17:16:00.000,M1.3,"(0, 0)",11882
2013-10-25,2013-10-25 19:05:00.000,2013-10-25 19:21:00.000,2013-10-25 19:24:00.000,M2.3,"(-66, -6)",11882
2013-10-25,2013-10-25 20:54:00.000,2013-10-25 20:58:00.000,2013-10-25 21:13:00.000,M1.9,"(-64, -7)",11882
2013-10-26,2013-10-26 05:59:00.000,2013-10-26 06:06:00.000,2013-10-26 06:20:00.000,M2.3,"(-61, -9)",11882
2013-10-26,2013-10-26 09:17:00.000,2013-10-26 09:37:00.000,2013-10-26 09:48:00.000,M1.5,"(0, 0)",11882
2013-10-26,2013-10-26 10:48:00.000,2013-10-26 11:17:00.000,2013-10-26 11:34:00.000,M1.8,"(0, 0)",11882
2013-10-26,2013-10-26 19:24:00.000,2013-10-26 19:27:00.000,2013-10-26 19:30:00.000,M3.1,"(-81, -9)",11884
2013-10-26,2013-10-26 19:49:00.000,2013-10-26 19:53:00.000,2013-10-26 19:58:00.000,M1.0,"(-53, -7)",11882
2013-10-27,2013-10-27 12:36:00.000,2013-10-27 12:48:00.000,2013-10-27 12:52:00.000,M3.5,"(63, 6)",11875
2013-10-28,2013-10-28 01:41:00.000,2013-10-28 02:03:00.000,2013-10-28 02:12:00.000,X1.0,"(66, 4)",11875
2013-10-28,2013-10-28 04:32:00.000,2013-10-28 04:41:00.000,2013-10-28 04:46:00.000,M5.1,"(71, 8)",11875
2013-10-28,2013-10-28 11:32:00.000,2013-10-28 11:53:00.000,2013-10-28 12:39:00.000,M1.4,"(44, -16)",11877
2013-10-28,2013-10-28 14:00:00.000,2013-10-28 14:05:00.000,2013-10-28 14:12:00.000,M2.8,"(0, 0)",11875
2013-10-28,2013-10-28 14:46:00.000,2013-10-28 15:01:00.000,2013-10-28 15:04:00.000,M2.7,"(0, 0)",11882
2013-10-28,2013-10-28 15:07:00.000,2013-10-28 15:15:00.000,2013-10-28 15:21:00.000,M4.4,"(0, 0)",11882
2013-10-28,2013-10-28 20:48:00.000,2013-10-28 20:57:00.000,2013-10-28 21:02:00.000,M1.5,"(0, 0)",11875
2013-10-29,2013-10-29 21:42:00.000,2013-10-29 21:54:00.000,2013-10-29 22:01:00.000,X2.3,"(0, 0)",11875
2013-10-31,2013-10-31 13:36:00.000,2013-10-31 13:51:00.000,2013-10-31 14:02:00.000,M1.9,"(0, 0)",11877
2013-11-01,2013-11-01 19:46:00.000,2013-11-01 19:53:00.000,2013-11-01 19:58:00.000,M6.3,"(-1, -11)",11884
2013-11-02,2013-11-02 22:13:00.000,2013-11-02 22:21:00.000,2013-11-02 22:25:00.000,M1.6,"(11, -12)",11884
2013-11-03,2013-11-03 05:16:00.000,2013-11-03 05:22:00.000,2013-11-03 05:26:00.000,M5.0,"(16, -12)",11884
2013-11-05,2013-11-05 08:12:00.000,2013-11-05 08:18:00.000,2013-11-05 08:21:00.000,M2.5,"(-48, -17)",11890
2013-11-05,2013-11-05 18:08:00.000,2013-11-05 18:13:00.000,2013-11-05 18:17:00.000,M1.0,"(0, 0)",11890
2013-11-05,2013-11-05 22:07:00.000,2013-11-05 22:12:00.000,2013-11-05 22:15:00.000,X3.3,"(-46, -12)",11890
2013-11-06,2013-11-06 13:39:00.000,2013-11-06 13:46:00.000,2013-11-06 13:53:00.000,M3.8,"(0, 0)",11890
2013-11-06,2013-11-06 23:44:00.000,2013-11-07 00:02:00.000,2013-11-07 00:14:00.000,M1.8,"(0, 0)",0
2013-11-07,2013-11-07 03:34:00.000,2013-11-07 03:40:00.000,2013-11-07 03:43:00.000,M2.3,"(-28, -14)",11890
2013-11-07,2013-11-07 14:15:00.000,2013-11-07 14:25:00.000,2013-11-07 14:31:00.000,M2.4,"(-23, -13)",11890
2013-11-08,2013-11-08 04:20:00.000,2013-11-08 04:26:00.000,2013-11-08 04:29:00.000,X1.1,"(-15, -14)",11890
2013-11-08,2013-11-08 09:22:00.000,2013-11-08 09:28:00.000,2013-11-08 09:31:00.000,M2.3,"(28, -18)",11891
2013-11-10,2013-11-10 05:08:00.000,2013-11-10 05:14:00.000,2013-11-10 05:18:00.000,X1.1,"(13, -14)",11890
2013-11-11,2013-11-11 11:01:00.000,2013-11-11 11:18:00.000,2013-11-11 11:30:00.000,M2.4,"(0, 0)",11897
2013-11-13,2013-11-13 14:57:00.000,2013-11-13 15:20:00.000,2013-11-13 15:41:00.000,M1.4,"(0, 0)",11897
2013-11-15,2013-11-15 02:20:00.000,2013-11-15 02:29:00.000,2013-11-15 02:33:00.000,M1.0,"(-52, 7)",11899
2013-11-16,2013-11-16 04:47:00.000,2013-11-16 04:53:00.000,2013-11-16 04:57:00.000,M1.2,"(0, 0)",11900
2013-11-16,2013-11-16 07:45:00.000,2013-11-16 07:49:00.000,2013-11-16 07:53:00.000,M1.6,"(29, -19)",11900
2013-11-17,2013-11-17 05:06:00.000,2013-11-17 05:10:00.000,2013-11-17 05:13:00.000,M1.0,"(42, -20)",11900
2013-11-19,2013-11-19 10:14:00.000,2013-11-19 10:26:00.000,2013-11-19 10:34:00.000,X1.0,"(0, 0)",11893
2013-11-21,2013-11-21 10:52:00.000,2013-11-21 11:11:00.000,2013-11-21 11:42:00.000,M1.2,"(0, 0)",11893
2013-11-23,2013-11-23 02:20:00.000,2013-11-23 02:32:00.000,2013-11-23 02:49:00.000,M1.1,"(56, 14)",11904
2013-11-23,2013-11-23 12:49:00.000,2013-11-23 12:57:00.000,2013-11-23 13:05:00.000,M1.0,"(0, 0)",11904
2013-12-07,2013-12-07 07:17:00.000,2013-12-07 07:29:00.000,2013-12-07 07:49:00.000,M1.2,"(49, -16)",11909
2013-12-19,2013-12-19 23:06:00.000,2013-12-19 23:19:00.000,2013-12-19 23:26:00.000,M3.5,"(0, 0)",11934
2013-12-20,2013-12-20 11:35:00.000,2013-12-20 11:57:00.000,2013-12-20 12:07:00.000,M1.6,"(0, 0)",11934
2013-12-22,2013-12-22 08:05:00.000,2013-12-22 08:11:00.000,2013-12-22 08:18:00.000,M1.9,"(49, -20)",11928
2013-12-22,2013-12-22 08:33:00.000,2013-12-22 08:37:00.000,2013-12-22 08:41:00.000,M1.1,"(52, -17)",11928
2013-12-22,2013-12-22 14:24:00.000,2013-12-22 14:38:00.000,2013-12-22 14:48:00.000,M1.6,"(0, 0)",11934
2013-12-22,2013-12-22 15:06:00.000,2013-12-22 15:12:00.000,2013-12-22 15:19:00.000,M3.3,"(0, 0)",11928
2013-12-22,2013-12-22 21:23:00.000,2013-12-22 22:08:00.000,2013-12-22 22:13:00.000,M1.6,"(58, -17)",11928
2013-12-22,2013-12-22 23:44:00.000,2013-12-23 00:03:00.000,2013-12-23 00:05:00.000,M1.3,"(60, -17)",11928
2013-12-23,2013-12-23 08:59:00.000,2013-12-23 09:06:00.000,2013-12-23 09:09:00.000,M1.6,"(0, 0)",11928
2013-12-29,2013-12-29 07:49:00.000,2013-12-29 07:56:00.000,2013-12-29 08:00:00.000,M3.1,"(-1, -18)",11936
2013-12-31,2013-12-31 21:45:00.000,2013-12-31 21:58:00.000,2013-12-31 22:20:00.000,M6.4,"(35, -16)",11936
2014-01-01,2014-01-01 18:40:00.000,2014-01-01 18:52:00.000,2014-01-01 19:03:00.000,M9.9,"(47, -14)",11936
2014-01-02,2014-01-02 02:24:00.000,2014-01-02 02:33:00.000,2014-01-02 02:56:00.000,M1.7,"(-76, -5)",11944
2014-01-02,2014-01-02 22:12:00.000,2014-01-02 22:18:00.000,2014-01-02 22:22:00.000,M1.2,"(-72, -5)",11944
2014-01-03,2014-01-03 12:41:00.000,2014-01-03 12:50:00.000,2014-01-03 12:54:00.000,M1.0,"(0, 0)",11944
2014-01-03,2014-01-03 21:09:00.000,2014-01-03 21:14:00.000,2014-01-03 21:19:00.000,M1.1,"(-56, -6)",11944
2014-01-04,2014-01-04 10:16:00.000,2014-01-04 10:25:00.000,2014-01-04 10:41:00.000,M1.3,"(-48, -5)",11944
2014-01-04,2014-01-04 10:16:00.000,2014-01-04 10:25:00.000,2014-01-04 10:41:00.000,M1.3,"(-48, -5)",11944
2014-01-04,2014-01-04 18:47:00.000,2014-01-04 19:46:00.000,2014-01-04 20:23:00.000,M4.0,"(0, 0)",0
2014-01-04,2014-01-04 19:05:00.000,2014-01-04 19:46:00.000,2014-01-04 20:23:00.000,M4.0,"(0, 0)",0
2014-01-04,2014-01-04 22:12:00.000,2014-01-04 22:52:00.000,2014-01-04 23:22:00.000,M1.9,"(0, 0)",11936
2014-01-07,2014-01-07 03:49:00.000,2014-01-07 03:53:00.000,2014-01-07 03:56:00.000,M1.0,"(-8, 7)",11946
2014-01-07,2014-01-07 10:07:00.000,2014-01-07 10:13:00.000,2014-01-07 10:37:00.000,M7.2,"(-11, -13)",11944
2014-01-07,2014-01-07 18:04:00.000,2014-01-07 18:32:00.000,2014-01-07 18:58:00.000,X1.2,"(0, 0)",11944
2014-01-08,2014-01-08 03:39:00.000,2014-01-08 03:47:00.000,2014-01-08 03:54:00.000,M3.6,"(81, 11)",11947
2014-01-13,2014-01-13 21:48:00.000,2014-01-13 21:51:00.000,2014-01-13 21:53:00.000,M1.3,"(11, -7)",11944
2014-01-27,2014-01-27 01:05:00.000,2014-01-27 01:22:00.000,2014-01-27 01:39:00.000,M1.0,"(0, 0)",0
2014-01-27,2014-01-27 02:02:00.000,2014-01-27 02:11:00.000,2014-01-27 02:18:00.000,M1.1,"(0, 0)",0
2014-01-27,2014-01-27 22:05:00.000,2014-01-27 22:10:00.000,2014-01-27 22:15:00.000,M4.9,"(0, 0)",11967
2014-01-28,2014-01-28 04:02:00.000,2014-01-28 04:09:00.000,2014-01-28 04:13:00.000,M1.5,"(0, 0)",11967
2014-01-28,2014-01-28 07:25:00.000,2014-01-28 07:31:00.000,2014-01-28 07:34:00.000,M3.6,"(0, 0)",11967
2014-01-28,2014-01-28 11:34:00.000,2014-01-28 11:38:00.000,2014-01-28 11:41:00.000,M1.4,"(0, 0)",11967
2014-01-28,2014-01-28 12:33:00.000,2014-01-28 12:46:00.000,2014-01-28 12:50:00.000,M1.3,"(0, 0)",11967
2014-01-28,2014-01-28 12:38:00.000,2014-01-28 12:46:00.000,2014-01-28 12:50:00.000,M1.3,"(0, 0)",0
2014-01-28,2014-01-28 19:00:00.000,2014-01-28 19:40:00.000,2014-01-28 19:46:00.000,M4.9,"(-76, -14)",11967
2014-01-28,2014-01-28 22:04:00.000,2014-01-28 22:16:00.000,2014-01-28 22:20:00.000,M2.6,"(-75, -14)",11967
2014-01-30,2014-01-30 06:33:00.000,2014-01-30 06:39:00.000,2014-01-30 06:44:00.000,M2.1,"(-54, -15)",11967
2014-01-30,2014-01-30 07:54:00.000,2014-01-30 08:11:00.000,2014-01-30 08:41:00.000,M1.1,"(-52, -12)",11967
2014-01-30,2014-01-30 15:48:00.000,2014-01-30 16:11:00.000,2014-01-30 16:28:00.000,M6.6,"(-58, -13)",11967
2014-01-31,2014-01-31 15:32:00.000,2014-01-31 15:42:00.000,2014-01-31 15:53:00.000,M1.1,"(0, 0)",11968
2014-02-01,2014-02-01 01:19:00.000,2014-02-01 01:25:00.000,2014-02-01 01:38:00.000,M1.0,"(-26, -11)",11967
2014-02-01,2014-02-01 07:14:00.000,2014-02-01 07:23:00.000,2014-02-01 07:36:00.000,M3.0,"(-23, -11)",11967
2014-02-02,2014-02-02 06:24:00.000,2014-02-02 06:34:00.000,2014-02-02 06:37:00.000,M2.6,"(-18, 12)",11968
2014-02-02,2014-02-02 07:17:00.000,2014-02-02 08:20:00.000,2014-02-02 08:29:00.000,M2.2,"(-14, -10)",11967
2014-02-02,2014-02-02 09:24:00.000,2014-02-02 09:31:00.000,2014-02-02 09:36:00.000,M4.4,"(-13, -11)",11967
2014-02-02,2014-02-02 14:01:00.000,2014-02-02 14:06:00.000,2014-02-02 14:09:00.000,M1.3,"(0, 0)",11967
2014-02-02,2014-02-02 16:24:00.000,2014-02-02 16:29:00.000,2014-02-02 16:36:00.000,M1.0,"(0, 0)",0
2014-02-02,2014-02-02 18:05:00.000,2014-02-02 18:11:00.000,2014-02-02 18:18:00.000,M3.1,"(0, 0)",11967
2014-02-02,2014-02-02 21:24:00.000,2014-02-02 22:04:00.000,2014-02-02 22:14:00.000,M1.3,"(0, 0)",11967
2014-02-04,2014-02-04 01:16:00.000,2014-02-04 01:23:00.000,2014-02-04 01:31:00.000,M3.8,"(13, 9)",11968
2014-02-04,2014-02-04 03:57:00.000,2014-02-04 04:00:00.000,2014-02-04 04:06:00.000,M5.2,"(6, -14)",11967
2014-02-04,2014-02-04 09:38:00.000,2014-02-04 09:49:00.000,2014-02-04 09:58:00.000,M1.4,"(0, 0)",11967
2014-02-04,2014-02-04 15:25:00.000,2014-02-04 16:02:00.000,2014-02-04 16:49:00.000,M1.5,"(12, -12)",11967
2014-02-05,2014-02-05 16:11:00.000,2014-02-05 16:20:00.000,2014-02-05 16:42:00.000,M1.3,"(0, 0)",11967
2014-02-06,2014-02-06 22:56:00.000,2014-02-06 23:05:00.000,2014-02-06 23:10:00.000,M1.5,"(0, 0)",11967
2014-02-07,2014-02-07 04:47:00.000,2014-02-07 04:56:00.000,2014-02-07 05:04:00.000,M2.0,"(50, -15)",11967
2014-02-07,2014-02-07 10:25:00.000,2014-02-07 10:29:00.000,2014-02-07 10:31:00.000,M1.9,"(53, 9)",11968
2014-02-09,2014-02-09 15:40:00.000,2014-02-09 16:17:00.000,2014-02-09 16:52:00.000,M1.0,"(0, 0)",0
2014-02-11,2014-02-11 03:22:00.000,2014-02-11 03:31:00.000,2014-02-11 03:39:00.000,M1.7,"(-17, -12)",11974
2014-02-11,2014-02-11 16:34:00.000,2014-02-11 16:51:00.000,2014-02-11 17:10:00.000,M1.8,"(0, 0)",11974
2014-02-12,2014-02-12 03:52:00.000,2014-02-12 04:25:00.000,2014-02-12 04:38:00.000,M3.7,"(2, -12)",11974
2014-02-12,2014-02-12 06:54:00.000,2014-02-12 06:58:00.000,2014-02-12 07:04:00.000,M2.3,"(0, 0)",11974
2014-02-12,2014-02-12 15:41:00.000,2014-02-12 15:51:00.000,2014-02-12 16:15:00.000,M2.1,"(0, 0)",11974
2014-02-13,2014-02-13 01:32:00.000,2014-02-13 01:40:00.000,2014-02-13 01:50:00.000,M1.8,"(0, 0)",0
2014-02-13,2014-02-13 02:41:00.000,2014-02-13 02:51:00.000,2014-02-13 03:04:00.000,M1.0,"(0, 0)",11974
2014-02-13,2014-02-13 05:49:00.000,2014-02-13 06:07:00.000,2014-02-13 06:13:00.000,M1.7,"(0, 0)",11974
2014-02-13,2014-02-13 08:05:00.000,2014-02-13 08:12:00.000,2014-02-13 08:19:00.000,M1.0,"(13, -12)",11974
2014-02-13,2014-02-13 15:45:00.000,2014-02-13 15:57:00.000,2014-02-13 16:06:00.000,M1.4,"(0, 0)",0
2014-02-14,2014-02-14 02:40:00.000,2014-02-14 02:57:00.000,2014-02-14 03:10:00.000,M2.3,"(25, -12)",11974
2014-02-14,2014-02-14 12:29:00.000,2014-02-14 12:40:00.000,2014-02-14 12:45:00.000,M1.6,"(36, -15)",11974
2014-02-14,2014-02-14 13:21:00.000,2014-02-14 13:28:00.000,2014-02-14 13:39:00.000,M1.1,"(0, 0)",11974
2014-02-14,2014-02-14 16:33:00.000,2014-02-14 16:39:00.000,2014-02-14 16:42:00.000,M1.0,"(32, -13)",11974
2014-02-16,2014-02-16 09:20:00.000,2014-02-16 09:26:00.000,2014-02-16 09:29:00.000,M1.1,"(-1, -11)",11977
2014-02-20,2014-02-20 07:26:00.000,2014-02-20 07:56:00.000,2014-02-20 08:25:00.000,M3.0,"(73, -15)",11976
2014-02-23,2014-02-23 05:50:00.000,2014-02-23 06:10:00.000,2014-02-23 06:36:00.000,M1.1,"(0, 0)",0
2014-02-24,2014-02-24 11:03:00.000,2014-02-24 11:17:00.000,2014-02-24 11:42:00.000,M1.2,"(0, 0)",11990
2014-02-24,2014-02-24 12:00:00.000,2014-02-24 12:05:00.000,2014-02-24 12:10:00.000,M1.3,"(0, 0)",11990
2014-02-25,2014-02-25 00:39:00.000,2014-02-25 00:49:00.000,2014-02-25 01:03:00.000,X4.9,"(-82, -12)",11990
2014-02-26,2014-02-26 14:52:00.000,2014-02-26 15:01:00.000,2014-02-26 15:10:00.000,M1.1,"(0, 0)",11982
2014-02-28,2014-02-28 00:44:00.000,2014-02-28 00:48:00.000,2014-02-28 00:50:00.000,M1.1,"(-53, -24)",11991
2014-03-01,2014-03-01 13:18:00.000,2014-03-01 13:33:00.000,2014-03-01 13:40:00.000,M1.1,"(0, 0)",11982
2014-03-02,2014-03-02 23:11:00.000,2014-03-02 23:19:00.000,2014-03-02 23:26:00.000,M1.1,"(74, 15)",11986
2014-03-03,2014-03-03 15:54:00.000,2014-03-03 15:58:00.000,2014-03-03 16:01:00.000,M1.2,"(36, 5)",11989
2014-03-05,2014-03-05 02:06:00.000,2014-03-05 02:10:00.000,2014-03-05 02:12:00.000,M1.0,"(0, 0)",11991
2014-03-08,2014-03-08 23:26:00.000,2014-03-08 23:41:00.000,2014-03-08 23:50:00.000,M1.4,"(0, 0)",12002
2014-03-09,2014-03-09 13:52:00.000,2014-03-09 13:58:00.000,2014-03-09 14:05:00.000,M1.0,"(-58, -17)",12002
2014-03-09,2014-03-09 20:13:00.000,2014-03-09 20:28:00.000,2014-03-09 20:35:00.000,M1.0,"(-54, -19)",12002
2014-03-10,2014-03-10 00:19:00.000,2014-03-10 00:26:00.000,2014-03-10 00:33:00.000,M1.1,"(-52, -19)",12002
2014-03-10,2014-03-10 04:02:00.000,2014-03-10 04:08:00.000,2014-03-10 04:13:00.000,M1.0,"(0, 0)",12002
2014-03-10,2014-03-10 15:21:00.000,2014-03-10 15:28:00.000,2014-03-10 15:32:00.000,M1.7,"(0, 0)",12002
2014-03-10,2014-03-10 22:45:00.000,2014-03-10 23:00:00.000,2014-03-10 23:12:00.000,M1.4,"(51, 14)",11996
2014-03-11,2014-03-11 03:44:00.000,2014-03-11 03:50:00.000,2014-03-11 03:56:00.000,M3.5,"(55, 13)",11996
2014-03-11,2014-03-11 11:58:00.000,2014-03-11 12:07:00.000,2014-03-11 12:14:00.000,M1.7,"(0, 0)",11991
2014-03-12,2014-03-12 10:55:00.000,2014-03-12 11:05:00.000,2014-03-12 11:11:00.000,M2.5,"(69, 13)",11996
2014-03-12,2014-03-12 22:28:00.000,2014-03-12 22:34:00.000,2014-03-12 22:39:00.000,M9.3,"(78, 15)",11996
2014-03-13,2014-03-13 19:03:00.000,2014-03-13 19:19:00.000,2014-03-13 19:30:00.000,M1.2,"(0, 0)",11996
2014-03-20,2014-03-20 03:42:00.000,2014-03-20 03:56:00.000,2014-03-20 04:08:00.000,M1.7,"(-35, -14)",12010
2014-03-22,2014-03-22 06:58:00.000,2014-03-22 07:02:00.000,2014-03-22 07:05:00.000,M1.1,"(71, -10)",12011
2014-03-28,2014-03-28 19:04:00.000,2014-03-28 19:18:00.000,2014-03-28 19:27:00.000,M2.0,"(21, 11)",12017
2014-03-28,2014-03-28 23:44:00.000,2014-03-28 23:51:00.000,2014-03-28 23:58:00.000,M2.6,"(0, 0)",12017
2014-03-29,2014-03-29 17:35:00.000,2014-03-29 17:48:00.000,2014-03-29 17:54:00.000,X1.0,"(32, 11)",12017
2014-03-30,2014-03-30 11:48:00.000,2014-03-30 11:55:00.000,2014-03-30 12:02:00.000,M2.1,"(43, 8)",12017
2014-03-31,2014-03-31 07:20:00.000,2014-03-31 08:07:00.000,2014-03-31 08:18:00.000,M1.4,"(77, -15)",12014
2014-04-02,2014-04-02 13:18:00.000,2014-04-02 14:05:00.000,2014-04-02 14:28:00.000,M6.5,"(-53, 14)",12027
2014-04-16,2014-04-16 19:54:00.000,2014-04-16 19:59:00.000,2014-04-16 20:04:00.000,M1.0,"(-9, -14)",12035
2014-04-18,2014-04-18 12:31:00.000,2014-04-18 13:03:00.000,2014-04-18 13:20:00.000,M7.3,"(0, 0)",12036
2014-04-25,2014-04-25 00:17:00.000,2014-04-25 00:27:00.000,2014-04-25 00:38:00.000,X1.3,"(0, 0)",12035
2014-05-06,2014-05-06 08:41:00.000,2014-05-06 09:03:00.000,2014-05-06 09:21:00.000,M1.8,"(84, -15)",12051
2014-05-06,2014-05-06 22:01:00.000,2014-05-06 22:09:00.000,2014-05-06 22:20:00.000,M1.0,"(57, -10)",12051
2014-05-07,2014-05-07 16:07:00.000,2014-05-07 16:29:00.000,2014-05-07 17:03:00.000,M1.2,"(-50, 15)",12055
2014-05-08,2014-05-08 09:59:00.000,2014-05-08 10:07:00.000,2014-05-08 10:18:00.000,M5.2,"(0, 0)",12056
2014-05-24,2014-05-24 18:26:00.000,2014-05-24 18:35:00.000,2014-05-24 18:44:00.000,M1.3,"(0, 0)",12065
2014-06-03,2014-06-03 03:58:00.000,2014-06-03 04:09:00.000,2014-06-03 04:17:00.000,M1.3,"(-30, -5)",12077
2014-06-06,2014-06-06 19:26:00.000,2014-06-06 19:31:00.000,2014-06-06 19:33:00.000,M1.4,"(-25, -12)",12080
2014-06-10,2014-06-10 11:36:00.000,2014-06-10 11:42:00.000,2014-06-10 11:44:00.000,X2.2,"(-80, -15)",12087
2014-06-10,2014-06-10 12:36:00.000,2014-06-10 12:52:00.000,2014-06-10 13:03:00.000,X1.5,"(-82, -17)",12087
2014-06-11,2014-06-11 05:30:00.000,2014-06-11 05:34:00.000,2014-06-11 05:36:00.000,M1.8,"(35, -12)",12080
2014-06-11,2014-06-11 08:00:00.000,2014-06-11 08:09:00.000,2014-06-11 08:15:00.000,M3.0,"(-68, -14)",12087
2014-06-11,2014-06-11 08:59:00.000,2014-06-11 09:06:00.000,2014-06-11 09:10:00.000,X1.0,"(-65, -18)",12087
2014-06-11,2014-06-11 20:53:00.000,2014-06-11 21:03:00.000,2014-06-11 21:10:00.000,M3.9,"(-58, -21)",12087
2014-06-12,2014-06-12 04:14:00.000,2014-06-12 04:21:00.000,2014-06-12 04:26:00.000,M2.0,"(0, 0)",12087
2014-06-12,2014-06-12 09:23:00.000,2014-06-12 09:37:00.000,2014-06-12 09:42:00.000,M1.8,"(53, -25)",12085
2014-06-12,2014-06-12 10:14:00.000,2014-06-12 10:21:00.000,2014-06-12 10:27:00.000,M2.7,"(-52, -20)",12087
2014-06-12,2014-06-12 18:03:00.000,2014-06-12 18:13:00.000,2014-06-12 18:23:00.000,M1.3,"(-48, -19)",12087
2014-06-12,2014-06-12 19:56:00.000,2014-06-12 20:03:00.000,2014-06-12 20:05:00.000,M1.1,"(-5, 17)",12089
2014-06-12,2014-06-12 21:01:00.000,2014-06-12 21:13:00.000,2014-06-12 21:19:00.000,M1.0,"(-49, -22)",12087
2014-06-12,2014-06-12 21:34:00.000,2014-06-12 22:16:00.000,2014-06-12 22:52:00.000,M3.1,"(55, -20)",12085
2014-06-13,2014-06-13 07:49:00.000,2014-06-13 07:56:00.000,2014-06-13 07:59:00.000,M2.6,"(-40, -18)",12087
2014-06-14,2014-06-14 19:23:00.000,2014-06-14 19:29:00.000,2014-06-14 19:34:00.000,M1.4,"(0, 0)",0
2014-06-15,2014-06-15 11:10:00.000,2014-06-15 11:39:00.000,2014-06-15 11:50:00.000,M1.1,"(0, 0)",12085
2014-06-15,2014-06-15 23:50:00.000,2014-06-16 00:01:00.000,2014-06-16 00:17:00.000,M1.0,"(0, 0)",12087
2014-07-01,2014-07-01 11:05:00.000,2014-07-01 11:23:00.000,2014-07-01 11:59:00.000,M1.4,"(0, 0)",12106
2014-07-08,2014-07-08 16:06:00.000,2014-07-08 16:20:00.000,2014-07-08 16:30:00.000,M6.5,"(-56, 12)",12113
2014-07-09,2014-07-09 00:20:00.000,2014-07-09 00:26:00.000,2014-07-09 00:33:00.000,M1.2,"(0, 0)",12113
2014-07-10,2014-07-10 22:29:00.000,2014-07-10 22:34:00.000,2014-07-10 22:37:00.000,M1.5,"(0, 0)",12106
2014-07-31,2014-07-31 11:01:00.000,2014-07-31 11:14:00.000,2014-07-31 11:21:00.000,M2.5,"(0, 0)",12130
2014-08-01,2014-08-01 14:43:00.000,2014-08-01 14:48:00.000,2014-08-01 14:57:00.000,M2.0,"(0, 0)",12130
2014-08-01,2014-08-01 17:55:00.000,2014-08-01 18:13:00.000,2014-08-01 18:48:00.000,M1.5,"(0, 0)",12127
2014-08-21,2014-08-21 13:19:00.000,2014-08-21 13:31:00.000,2014-08-21 13:42:00.000,M3.4,"(-38, 6)",12149
2014-08-22,2014-08-22 06:18:00.000,2014-08-22 06:28:00.000,2014-08-22 06:34:00.000,M1.2,"(0, 0)",12149
2014-08-24,2014-08-24 12:00:00.000,2014-08-24 12:17:00.000,2014-08-24 12:25:00.000,M5.9,"(-75, -7)",12151
2014-08-25,2014-08-25 14:46:00.000,2014-08-25 15:11:00.000,2014-08-25 15:31:00.000,M2.0,"(36, 5)",12146
2014-08-25,2014-08-25 20:06:00.000,2014-08-25 20:21:00.000,2014-08-25 20:29:00.000,M3.9,"(0, 0)",12146
2014-09-03,2014-09-03 13:20:00.000,2014-09-03 13:54:00.000,2014-09-03 14:23:00.000,M2.5,"(18, -14)",12155
2014-09-06,2014-09-06 16:50:00.000,2014-09-06 17:09:00.000,2014-09-06 17:22:00.000,M1.1,"(-53, -14)",12157
2014-09-08,2014-09-08 23:12:00.000,2014-09-09 00:29:00.000,2014-09-09 01:31:00.000,M4.5,"(-29, 12)",12158
2014-09-10,2014-09-10 17:21:00.000,2014-09-10 17:45:00.000,2014-09-10 18:20:00.000,X1.6,"(-2, 14)",12158
2014-09-11,2014-09-11 15:20:00.000,2014-09-11 15:26:00.000,2014-09-11 15:31:00.000,M2.1,"(0, 0)",12166
2014-09-11,2014-09-11 21:01:00.000,2014-09-11 21:26:00.000,2014-09-11 21:30:00.000,M1.4,"(0, 0)",12166
2014-09-14,2014-09-14 02:03:00.000,2014-09-14 02:16:00.000,2014-09-14 02:36:00.000,M1.5,"(49, -13)",12157
2014-09-18,2014-09-18 08:37:00.000,2014-09-18 08:41:00.000,2014-09-18 08:53:00.000,M1.2,"(-70, 8)",12169
2014-09-23,2014-09-23 23:03:00.000,2014-09-23 23:16:00.000,2014-09-23 23:28:00.000,M2.3,"(-33, -13)",12172
2014-09-27,2014-09-27 08:32:00.000,2014-09-27 08:37:00.000,2014-09-27 08:40:00.000,M1.0,"(0, 0)",0
2014-09-28,2014-09-28 02:39:00.000,2014-09-28 02:58:00.000,2014-09-28 03:19:00.000,M5.1,"(23, -13)",12173
2014-09-28,2014-09-28 16:34:00.000,2014-09-28 17:33:00.000,2014-09-28 18:00:00.000,M1.0,"(30, -15)",12173
2014-10-02,2014-10-02 17:10:00.000,2014-10-02 17:44:00.000,2014-10-02 18:15:00.000,M1.5,"(76, -18)",12172
2014-10-02,2014-10-02 18:49:00.000,2014-10-02 19:01:00.000,2014-10-02 19:14:00.000,M7.3,"(82, -17)",12173
2014-10-09,2014-10-09 01:30:00.000,2014-10-09 01:43:00.000,2014-10-09 01:47:00.000,M1.3,"(45, -15)",12182
2014-10-09,2014-10-09 01:54:00.000,2014-10-09 01:58:00.000,2014-10-09 02:02:00.000,M1.4,"(0, 0)",12182
2014-10-09,2014-10-09 06:48:00.000,2014-10-09 06:59:00.000,2014-10-09 07:06:00.000,M1.2,"(46, -16)",12182
2014-10-14,2014-10-14 18:21:00.000,2014-10-14 18:37:00.000,2014-10-14 18:46:00.000,M1.1,"(0, 0)",0
2014-10-14,2014-10-14 19:07:00.000,2014-10-14 21:21:00.000,2014-10-15 00:19:00.000,M2.2,"(0, 0)",0
2014-10-16,2014-10-16 12:58:00.000,2014-10-16 13:03:00.000,2014-10-16 13:05:00.000,M4.3,"(0, 0)",12192
2014-10-18,2014-10-18 07:02:00.000,2014-10-18 07:58:00.000,2014-10-18 08:49:00.000,M1.6,"(-71, -13)",12192
2014-10-19,2014-10-19 04:17:00.000,2014-10-19 05:03:00.000,2014-10-19 05:48:00.000,X1.1,"(0, 0)",12192
2014-10-20,2014-10-20 09:00:00.000,2014-10-20 09:11:00.000,2014-10-20 09:20:00.000,M3.9,"(0, 0)",12192
2014-10-20,2014-10-20 16:00:00.000,2014-10-20 16:37:00.000,2014-10-20 16:55:00.000,M4.5,"(-37, -14)",12192
2014-10-20,2014-10-20 18:55:00.000,2014-10-20 19:02:00.000,2014-10-20 19:04:00.000,M1.4,"(0, 0)",12192
2014-10-20,2014-10-20 19:53:00.000,2014-10-20 20:04:00.000,2014-10-20 20:13:00.000,M1.7,"(0, 0)",12192
2014-10-20,2014-10-20 22:43:00.000,2014-10-20 22:55:00.000,2014-10-20 23:13:00.000,M1.2,"(-36, -14)",12192
2014-10-21,2014-10-21 13:35:00.000,2014-10-21 13:38:00.000,2014-10-21 13:40:00.000,M1.2,"(0, 0)",0
2014-10-22,2014-10-22 01:16:00.000,2014-10-22 01:59:00.000,2014-10-22 02:28:00.000,M8.7,"(0, 0)",12192
2014-10-22,2014-10-22 05:11:00.000,2014-10-22 05:17:00.000,2014-10-22 05:21:00.000,M2.7,"(0, 0)",12192
2014-10-22,2014-10-22 14:02:00.000,2014-10-22 14:28:00.000,2014-10-22 14:50:00.000,X1.6,"(-13, -14)",12192
2014-10-22,2014-10-22 15:51:00.000,2014-10-22 15:57:00.000,2014-10-22 16:03:00.000,M1.4,"(0, 0)",0
2014-10-23,2014-10-23 09:44:00.000,2014-10-23 09:50:00.000,2014-10-23 09:56:00.000,M1.1,"(-3, -16)",12192
2014-10-24,2014-10-24 07:37:00.000,2014-10-24 07:48:00.000,2014-10-24 07:53:00.000,M4.0,"(0, 0)",12192
2014-10-24,2014-10-24 21:07:00.000,2014-10-24 21:41:00.000,2014-10-24 22:13:00.000,X3.1,"(21, -16)",12192
2014-10-25,2014-10-25 16:55:00.000,2014-10-25 17:08:00.000,2014-10-25 18:11:00.000,X1.0,"(31, -16)",12192
2014-10-26,2014-10-26 10:04:00.000,2014-10-26 10:56:00.000,2014-10-26 11:18:00.000,X2.0,"(40, -18)",12192
2014-10-26,2014-10-26 17:08:00.000,2014-10-26 17:17:00.000,2014-10-26 17:30:00.000,M1.0,"(0, 0)",12192
2014-10-26,2014-10-26 18:07:00.000,2014-10-26 18:15:00.000,2014-10-26 18:20:00.000,M4.2,"(0, 0)",12192
2014-10-26,2014-10-26 18:43:00.000,2014-10-26 18:49:00.000,2014-10-26 18:56:00.000,M1.9,"(0, 0)",12192
2014-10-26,2014-10-26 19:59:00.000,2014-10-26 20:21:00.000,2014-10-26 20:45:00.000,M2.4,"(0, 0)",12192
2014-10-27,2014-10-27 00:06:00.000,2014-10-27 00:34:00.000,2014-10-27 00:44:00.000,M7.1,"(44, -14)",12192
2014-10-27,2014-10-27 01:44:00.000,2014-10-27 02:02:00.000,2014-10-27 02:11:00.000,M1.0,"(0, 0)",12192
2014-10-27,2014-10-27 03:35:00.000,2014-10-27 03:41:00.000,2014-10-27 03:48:00.000,M1.3,"(0, 0)",12192
2014-10-27,2014-10-27 09:59:00.000,2014-10-27 10:09:00.000,2014-10-27 10:26:00.000,M6.7,"(0, 0)",12192
2014-10-27,2014-10-27 14:12:00.000,2014-10-27 14:47:00.000,2014-10-27 15:09:00.000,X2.0,"(52, -17)",12192
2014-10-27,2014-10-27 17:33:00.000,2014-10-27 17:40:00.000,2014-10-27 17:47:00.000,M1.4,"(0, 0)",12192
2014-10-28,2014-10-28 02:15:00.000,2014-10-28 02:42:00.000,2014-10-28 03:08:00.000,M3.4,"(61, -14)",12192
2014-10-28,2014-10-28 03:23:00.000,2014-10-28 03:32:00.000,2014-10-28 03:41:00.000,M6.6,"(0, 0)",12192
2014-10-28,2014-10-28 13:54:00.000,2014-10-28 14:06:00.000,2014-10-28 14:23:00.000,M1.6,"(0, 0)",12192
2014-10-29,2014-10-29 06:03:00.000,2014-10-29 08:20:00.000,2014-10-29 08:52:00.000,M1.0,"(0, 0)",12192
2014-10-29,2014-10-29 09:54:00.000,2014-10-29 10:01:00.000,2014-10-29 10:06:00.000,M1.2,"(0, 0)",12192
2014-10-29,2014-10-29 14:24:00.000,2014-10-29 14:33:00.000,2014-10-29 14:51:00.000,M1.4,"(81, -16)",12192
2014-10-29,2014-10-29 16:06:00.000,2014-10-29 16:20:00.000,2014-10-29 16:33:00.000,M1.0,"(0, 0)",12192
2014-10-29,2014-10-29 18:47:00.000,2014-10-29 18:50:00.000,2014-10-29 18:52:00.000,M1.3,"(0, 0)",12192
2014-10-29,2014-10-29 21:18:00.000,2014-10-29 21:22:00.000,2014-10-29 21:25:00.000,M2.3,"(0, 0)",12192
2014-10-30,2014-10-30 00:34:00.000,2014-10-30 00:37:00.000,2014-10-30 00:40:00.000,M1.3,"(0, 0)",12192
2014-10-30,2014-10-30 01:19:00.000,2014-10-30 01:35:00.000,2014-10-30 01:56:00.000,M3.5,"(0, 0)",12192
2014-10-30,2014-10-30 04:17:00.000,2014-10-30 04:28:00.000,2014-10-30 04:36:00.000,M1.2,"(-62, -16)",12192
2014-11-03,2014-11-03 11:23:00.000,2014-11-03 11:53:00.000,2014-11-03 12:17:00.000,M2.2,"(0, 0)",12205
2014-11-03,2014-11-03 22:15:00.000,2014-11-03 22:40:00.000,2014-11-03 22:53:00.000,M6.5,"(0, 0)",12205
2014-11-04,2014-11-04 07:59:00.000,2014-11-04 08:38:00.000,2014-11-04 08:51:00.000,M2.6,"(-82, 15)",12205
2014-11-04,2014-11-04 08:52:00.000,2014-11-04 09:04:00.000,2014-11-04 09:13:00.000,M2.3,"(-82, 15)",12205
2014-11-05,2014-11-05 09:26:00.000,2014-11-05 09:47:00.000,2014-11-05 09:55:00.000,M7.9,"(0, 0)",12205
2014-11-05,2014-11-05 18:50:00.000,2014-11-05 19:44:00.000,2014-11-05 20:15:00.000,M2.9,"(-65, 17)",12205
2014-11-06,2014-11-06 01:29:00.000,2014-11-06 01:39:00.000,2014-11-06 01:54:00.000,M3.2,"(-58, 15)",12205
2014-11-06,2014-11-06 03:32:00.000,2014-11-06 03:46:00.000,2014-11-06 04:02:00.000,M5.4,"(-58, 17)",12205
2014-11-06,2014-11-06 21:53:00.000,2014-11-06 22:16:00.000,2014-11-06 22:34:00.000,M2.5,"(-45, 14)",12205
2014-11-07,2014-11-07 02:05:00.000,2014-11-07 02:49:00.000,2014-11-07 03:32:00.000,M2.7,"(-50, 17)",12205
2014-11-07,2014-11-07 04:12:00.000,2014-11-07 04:25:00.000,2014-11-07 04:38:00.000,M2.0,"(0, 0)",12205
2014-11-07,2014-11-07 10:13:00.000,2014-11-07 10:22:00.000,2014-11-07 10:30:00.000,M1.0,"(-43, 15)",12205
2014-11-07,2014-11-07 16:53:00.000,2014-11-07 17:26:00.000,2014-11-07 17:34:00.000,X1.6,"(0, 0)",12205
2014-11-09,2014-11-09 15:24:00.000,2014-11-09 15:32:00.000,2014-11-09 15:38:00.000,M2.3,"(-14, 18)",12205
2014-11-15,2014-11-15 11:40:00.000,2014-11-15 12:03:00.000,2014-11-15 12:10:00.000,M3.2,"(-63, -9)",12209
2014-11-15,2014-11-15 20:38:00.000,2014-11-15 20:46:00.000,2014-11-15 20:50:00.000,M3.7,"(-63, -13)",12209
2014-11-16,2014-11-16 17:35:00.000,2014-11-16 17:48:00.000,2014-11-16 17:57:00.000,M5.7,"(0, 0)",12209
2014-12-01,2014-12-01 06:26:00.000,2014-12-01 06:41:00.000,2014-12-01 06:59:00.000,M1.8,"(-17, -21)",12222
2014-12-04,2014-12-04 08:00:00.000,2014-12-04 08:10:00.000,2014-12-04 08:21:00.000,M1.3,"(27, -24)",12222
2014-12-04,2014-12-04 18:05:00.000,2014-12-04 18:25:00.000,2014-12-04 18:56:00.000,M6.1,"(0, 0)",12222
2014-12-04,2014-12-04 19:38:00.000,2014-12-04 19:41:00.000,2014-12-04 19:44:00.000,M1.3,"(0, 0)",12222
2014-12-05,2014-12-05 11:33:00.000,2014-12-05 12:25:00.000,2014-12-05 12:47:00.000,M1.5,"(0, 0)",12222
2014-12-13,2014-12-13 05:13:00.000,2014-12-13 05:20:00.000,2014-12-13 05:25:00.000,M1.5,"(0, 0)",12241
2014-12-14,2014-12-14 19:25:00.000,2014-12-14 19:33:00.000,2014-12-14 19:39:00.000,M1.6,"(-44, -19)",12242
2014-12-17,2014-12-17 00:57:00.000,2014-12-17 01:10:00.000,2014-12-17 01:20:00.000,M1.5,"(-10, -25)",12242
2014-12-17,2014-12-17 01:41:00.000,2014-12-17 01:50:00.000,2014-12-17 01:57:00.000,M1.1,"(-33, -11)",12241
2014-12-17,2014-12-17 04:25:00.000,2014-12-17 04:51:00.000,2014-12-17 05:20:00.000,M8.7,"(-9, -20)",12242
2014-12-17,2014-12-17 18:54:00.000,2014-12-17 19:01:00.000,2014-12-17 19:20:00.000,M1.4,"(-24, -10)",12241
2014-12-18,2014-12-18 21:41:00.000,2014-12-18 21:58:00.000,2014-12-18 22:25:00.000,M6.9,"(0, 0)",12241
2014-12-19,2014-12-19 09:31:00.000,2014-12-19 09:44:00.000,2014-12-19 09:54:00.000,M1.3,"(27, -19)",12242
2014-12-20,2014-12-20 00:11:00.000,2014-12-20 00:28:00.000,2014-12-20 00:55:00.000,X1.8,"(24, -21)",12242
2014-12-21,2014-12-21 07:18:00.000,2014-12-21 07:32:00.000,2014-12-21 07:51:00.000,M1.2,"(0, 0)",12242
2014-12-21,2014-12-21 11:24:00.000,2014-12-21 12:17:00.000,2014-12-21 12:57:00.000,M1.0,"(0, 0)",12241
2014-12-22,2014-12-22 01:33:00.000,2014-12-22 01:49:00.000,2014-12-22 01:59:00.000,M1.0,"(54, -19)",12242
2014-12-27,2014-12-27 02:03:00.000,2014-12-27 02:16:00.000,2014-12-27 02:24:00.000,M2.2,"(48, -11)",12249
2015-01-03,2015-01-03 09:40:00.000,2015-01-03 09:47:00.000,2015-01-03 09:50:00.000,M1.1,"(-17, -4)",12253
2015-01-04,2015-01-04 15:18:00.000,2015-01-04 15:36:00.000,2015-01-04 15:53:00.000,M1.3,"(-2, -7)",12253
2015-01-13,2015-01-13 04:13:00.000,2015-01-13 04:24:00.000,2015-01-13 04:38:00.000,M5.6,"(70, 6)",12257
2015-01-13,2015-01-13 04:46:00.000,2015-01-13 04:58:00.000,2015-01-13 05:10:00.000,M4.9,"(0, 0)",12257
2015-01-14,2015-01-14 12:30:00.000,2015-01-14 12:58:00.000,2015-01-14 13:08:00.000,M2.2,"(0, 0)",12257
2015-01-22,2015-01-22 04:43:00.000,2015-01-22 04:52:00.000,2015-01-22 05:02:00.000,M1.4,"(0, 0)",12268
2015-01-26,2015-01-26 16:46:00.000,2015-01-26 16:53:00.000,2015-01-26 16:58:00.000,M1.1,"(0, 0)",12268
2015-01-28,2015-01-28 04:21:00.000,2015-01-28 04:41:00.000,2015-01-28 04:55:00.000,M1.4,"(-9, -9)",12268
2015-01-28,2015-01-28 21:32:00.000,2015-01-28 21:37:00.000,2015-01-28 21:40:00.000,M1.0,"(-73, 8)",12277
2015-01-29,2015-01-29 11:32:00.000,2015-01-29 11:42:00.000,2015-01-29 11:52:00.000,M2.1,"(6, -12)",12268
2015-01-30,2015-01-30 00:32:00.000,2015-01-30 00:44:00.000,2015-01-30 01:02:00.000,M2.0,"(0, 0)",12268
2015-01-30,2015-01-30 05:29:00.000,2015-01-30 05:36:00.000,2015-01-30 06:35:00.000,M1.7,"(0, 0)",12268
2015-01-30,2015-01-30 12:10:00.000,2015-01-30 12:16:00.000,2015-01-30 12:21:00.000,M2.4,"(0, 0)",12277
2015-02-04,2015-02-04 02:08:00.000,2015-02-04 02:15:00.000,2015-02-04 02:21:00.000,M1.2,"(14, 10)",12277
2015-02-09,2015-02-09 22:19:00.000,2015-02-09 23:35:00.000,2015-02-10 00:16:00.000,M2.4,"(33, -8)",12280
2015-02-09,2015-02-09 22:59:00.000,2015-02-09 23:35:00.000,2015-02-10 00:14:00.000,M2.4,"(0, 0)",12282
2015-02-09,2015-02-09 23:02:00.000,2015-02-09 23:35:00.000,2015-02-10 00:12:00.000,M2.3,"(0, 0)",0
2015-03-02,2015-03-02 06:31:00.000,2015-03-02 06:39:00.000,2015-03-02 06:44:00.000,M1.0,"(0, 0)",12290
2015-03-02,2015-03-02 08:52:00.000,2015-03-02 09:48:00.000,2015-03-02 09:58:00.000,M1.1,"(0, 0)",12290
2015-03-02,2015-03-02 09:37:00.000,2015-03-02 09:48:00.000,2015-03-02 09:58:00.000,M1.1,"(0, 0)",12290
2015-03-02,2015-03-02 15:10:00.000,2015-03-02 15:28:00.000,2015-03-02 15:37:00.000,M3.7,"(0, 0)",12290
2015-03-02,2015-03-02 19:21:00.000,2015-03-02 19:31:00.000,2015-03-02 19:36:00.000,M4.1,"(0, 0)",12290
2015-03-03,2015-03-03 01:25:00.000,2015-03-03 01:35:00.000,2015-03-03 01:42:00.000,M8.2,"(87, 21)",12290
2015-03-05,2015-03-05 17:06:00.000,2015-03-05 18:11:00.000,2015-03-05 18:26:00.000,M1.2,"(0, 0)",12297
2015-03-06,2015-03-06 04:14:00.000,2015-03-06 04:57:00.000,2015-03-06 05:27:00.000,M3.0,"(0, 0)",12297
2015-03-06,2015-03-06 06:55:00.000,2015-03-06 08:15:00.000,2015-03-06 08:28:00.000,M1.5,"(0, 0)",12297
2015-03-07,2015-03-07 21:45:00.000,2015-03-07 22:22:00.000,2015-03-07 22:58:00.000,M9.2,"(0, 0)",12297
2015-03-09,2015-03-09 14:22:00.000,2015-03-09 14:33:00.000,2015-03-09 14:37:00.000,M4.5,"(-49, -15)",12297
2015-03-09,2015-03-09 23:29:00.000,2015-03-09 23:53:00.000,2015-03-10 00:12:00.000,M5.8,"(-45, -18)",12297
2015-03-10,2015-03-10 03:19:00.000,2015-03-10 03:24:00.000,2015-03-10 03:28:00.000,M5.1,"(-40, -15)",12297
2015-03-10,2015-03-10 23:46:00.000,2015-03-11 00:02:00.000,2015-03-11 00:06:00.000,M2.9,"(-28, -16)",12297
2015-03-11,2015-03-11 07:10:00.000,2015-03-11 07:18:00.000,2015-03-11 07:43:00.000,M1.8,"(-26, -16)",12297
2015-03-11,2015-03-11 07:51:00.000,2015-03-11 07:57:00.000,2015-03-11 08:03:00.000,M2.6,"(0, 0)",12297
2015-03-11,2015-03-11 16:11:00.000,2015-03-11 16:22:00.000,2015-03-11 16:29:00.000,X2.1,"(-21, -17)",12297
2015-03-11,2015-03-11 18:37:00.000,2015-03-11 18:51:00.000,2015-03-11 18:57:00.000,M1.0,"(-18, -16)",12297
2015-03-12,2015-03-12 04:41:00.000,2015-03-12 04:46:00.000,2015-03-12 04:50:00.000,M3.2,"(0, 0)",12297
2015-03-12,2015-03-12 11:38:00.000,2015-03-12 11:50:00.000,2015-03-12 12:02:00.000,M1.6,"(0, 0)",12297
2015-03-12,2015-03-12 12:09:00.000,2015-03-12 12:14:00.000,2015-03-12 12:18:00.000,M1.4,"(0, 0)",12297
2015-03-12,2015-03-12 13:50:00.000,2015-03-12 14:08:00.000,2015-03-12 14:13:00.000,M4.2,"(-6, -15)",12297
2015-03-12,2015-03-12 21:44:00.000,2015-03-12 21:51:00.000,2015-03-12 21:56:00.000,M2.7,"(0, 0)",12297
2015-03-13,2015-03-13 03:47:00.000,2015-03-13 04:01:00.000,2015-03-13 04:16:00.000,M1.2,"(0, 0)",12297
2015-03-13,2015-03-13 05:49:00.000,2015-03-13 06:07:00.000,2015-03-13 06:12:00.000,M1.8,"(0, 0)",12297
2015-03-14,2015-03-14 04:23:00.000,2015-03-14 04:40:00.000,2015-03-14 04:54:00.000,M1.3,"(0, 0)",12297
2015-03-15,2015-03-15 09:36:00.000,2015-03-15 09:40:00.000,2015-03-15 09:46:00.000,M1.0,"(0, 0)",12297
2015-03-15,2015-03-15 22:42:00.000,2015-03-15 23:22:00.000,2015-03-15 23:38:00.000,M1.2,"(0, 0)",12297
2015-03-16,2015-03-16 10:39:00.000,2015-03-16 10:58:00.000,2015-03-16 11:17:00.000,M1.6,"(39, -17)",12297
2015-03-17,2015-03-17 22:49:00.000,2015-03-17 23:34:00.000,2015-03-17 23:48:00.000,M1.0,"(56, -21)",12297
2015-04-08,2015-04-08 14:37:00.000,2015-04-08 14:43:00.000,2015-04-08 14:47:00.000,M1.4,"(4, -14)",12320
2015-04-12,2015-04-12 08:51:00.000,2015-04-12 09:50:00.000,2015-04-12 10:44:00.000,M1.1,"(-62, 13)",12321
2015-04-21,2015-04-21 07:08:00.000,2015-04-21 07:21:00.000,2015-04-21 07:27:00.000,M1.0,"(0, 0)",12322
2015-04-21,2015-04-21 10:17:00.000,2015-04-21 10:40:00.000,2015-04-21 10:59:00.000,M2.2,"(0, 0)",0
2015-04-21,2015-04-21 11:49:00.000,2015-04-21 11:57:00.000,2015-04-21 12:02:00.000,M2.2,"(84, 10)",12322
2015-04-21,2015-04-21 15:24:00.000,2015-04-21 15:45:00.000,2015-04-21 15:51:00.000,M4.0,"(84, 10)",12322
2015-04-21,2015-04-21 16:55:00.000,2015-04-21 17:00:00.000,2015-04-21 17:09:00.000,M2.1,"(84, 13)",12322
2015-04-21,2015-04-21 21:39:00.000,2015-04-21 21:45:00.000,2015-04-21 21:55:00.000,M1.8,"(0, 0)",12322
2015-04-21,2015-04-21 21:58:00.000,2015-04-21 22:01:00.000,2015-04-21 22:04:00.000,M1.2,"(0, 0)",12325
2015-04-22,2015-04-22 08:30:00.000,2015-04-22 08:44:00.000,2015-04-22 08:58:00.000,M1.1,"(-5, -9)",12322
2015-04-23,2015-04-23 09:18:00.000,2015-04-23 10:07:00.000,2015-04-23 11:10:00.000,M1.1,"(0, 0)",12322
2015-05-05,2015-05-05 09:42:00.000,2015-05-05 09:47:00.000,2015-05-05 09:51:00.000,M1.9,"(0, 0)",12339
2015-05-05,2015-05-05 13:45:00.000,2015-05-05 13:53:00.000,2015-05-05 13:56:00.000,M1.2,"(-75, 15)",12339
2015-05-05,2015-05-05 14:19:00.000,2015-05-05 14:25:00.000,2015-05-05 14:32:00.000,M1.3,"(0, 0)",12335
2015-05-05,2015-05-05 17:12:00.000,2015-05-05 17:24:00.000,2015-05-05 17:30:00.000,M2.6,"(0, 0)",12335
2015-05-05,2015-05-05 22:05:00.000,2015-05-05 22:11:00.000,2015-05-05 22:15:00.000,X2.7,"(0, 0)",12339
2015-05-06,2015-05-06 11:45:00.000,2015-05-06 11:49:00.000,2015-05-06 11:51:00.000,M1.9,"(-67, 17)",12339
2015-06-11,2015-06-11 08:49:00.000,2015-06-11 08:55:00.000,2015-06-11 08:59:00.000,M1.0,"(0, 0)",12367
2015-06-13,2015-06-13 07:20:00.000,2015-06-13 07:29:00.000,2015-06-13 07:47:00.000,M1.3,"(78, 11)",12360
2015-06-14,2015-06-14 00:52:00.000,2015-06-14 00:59:00.000,2015-06-14 01:09:00.000,M2.0,"(73, 14)",12360
2015-06-18,2015-06-18 00:33:00.000,2015-06-18 01:27:00.000,2015-06-18 01:55:00.000,M1.2,"(0, 0)",12365
2015-06-18,2015-06-18 16:30:00.000,2015-06-18 17:36:00.000,2015-06-18 18:25:00.000,M3.0,"(-50, 15)",12371
2015-06-20,2015-06-20 06:28:00.000,2015-06-20 06:48:00.000,2015-06-20 07:09:00.000,M1.0,"(0, 0)",12371
2015-06-21,2015-06-21 01:02:00.000,2015-06-21 01:42:00.000,2015-06-21 02:00:00.000,M2.0,"(-13, 12)",12371
2015-06-21,2015-06-21 02:04:00.000,2015-06-21 02:34:00.000,2015-06-21 03:11:00.000,M2.7,"(0, 0)",12371
2015-06-21,2015-06-21 02:06:00.000,2015-06-21 02:36:00.000,2015-06-21 03:02:00.000,M2.6,"(0, 0)",12371
2015-06-21,2015-06-21 09:38:00.000,2015-06-21 09:44:00.000,2015-06-21 09:50:00.000,M3.8,"(0, 0)",12367
2015-06-21,2015-06-21 18:10:00.000,2015-06-21 18:20:00.000,2015-06-21 18:28:00.000,M1.1,"(64, -18)",12367
2015-06-22,2015-06-22 17:39:00.000,2015-06-22 18:23:00.000,2015-06-22 18:51:00.000,M6.5,"(8, 12)",12371
2015-06-25,2015-06-25 08:02:00.000,2015-06-25 08:16:00.000,2015-06-25 09:05:00.000,M7.9,"(42, 9)",12371
2015-07-03,2015-07-03 12:47:00.000,2015-07-03 12:51:00.000,2015-07-03 12:53:00.000,M1.5,"(-68, -15)",12378
2015-07-06,2015-07-06 08:24:00.000,2015-07-06 08:44:00.000,2015-07-06 08:59:00.000,M1.0,"(-42, 17)",12381
2015-07-06,2015-07-06 20:32:00.000,2015-07-06 20:40:00.000,2015-07-06 20:50:00.000,M1.7,"(-36, 18)",12381
2015-08-21,2015-08-21 01:56:00.000,2015-08-21 02:18:00.000,2015-08-21 02:37:00.000,M1.2,"(-39, -16)",12403
2015-08-21,2015-08-21 09:34:00.000,2015-08-21 09:48:00.000,2015-08-21 10:07:00.000,M1.4,"(-26, -17)",12403
2015-08-21,2015-08-21 19:10:00.000,2015-08-21 20:34:00.000,2015-08-21 20:50:00.000,M1.1,"(-26, -12)",12403
2015-08-22,2015-08-22 06:39:00.000,2015-08-22 06:49:00.000,2015-08-22 06:59:00.000,M1.2,"(0, 0)",12403
2015-08-22,2015-08-22 13:17:00.000,2015-08-22 13:23:00.000,2015-08-22 13:29:00.000,M2.2,"(0, 0)",12403
2015-08-22,2015-08-22 21:19:00.000,2015-08-22 21:24:00.000,2015-08-22 21:28:00.000,M3.5,"(-15, -15)",12403
2015-08-24,2015-08-24 07:26:00.000,2015-08-24 07:33:00.000,2015-08-24 07:35:00.000,M5.6,"(4, -15)",12403
2015-08-24,2015-08-24 17:40:00.000,2015-08-24 17:46:00.000,2015-08-24 17:49:00.000,M1.0,"(0, 0)",12403
2015-08-27,2015-08-27 04:48:00.000,2015-08-27 05:44:00.000,2015-08-27 06:03:00.000,M2.9,"(45, -14)",12403
2015-08-28,2015-08-28 13:04:00.000,2015-08-28 13:16:00.000,2015-08-28 13:23:00.000,M2.2,"(0, 0)",12403
2015-08-28,2015-08-28 18:56:00.000,2015-08-28 19:03:00.000,2015-08-28 19:06:00.000,M2.1,"(70, -13)",12403
2015-08-30,2015-08-30 02:01:00.000,2015-08-30 03:30:00.000,2015-08-30 04:23:00.000,M1.4,"(0, 0)",12403
2015-09-17,2015-09-17 09:34:00.000,2015-09-17 09:40:00.000,2015-09-17 09:45:00.000,M1.1,"(0, 0)",12415
2015-09-20,2015-09-20 04:55:00.000,2015-09-20 05:03:00.000,2015-09-20 05:17:00.000,M1.5,"(0, 0)",12420
2015-09-20,2015-09-20 17:32:00.000,2015-09-20 18:03:00.000,2015-09-20 18:29:00.000,M2.1,"(24, -20)",12415
2015-09-27,2015-09-27 10:20:00.000,2015-09-27 10:40:00.000,2015-09-27 10:46:00.000,M1.9,"(0, 0)",12422
2015-09-27,2015-09-27 20:54:00.000,2015-09-27 21:00:00.000,2015-09-27 21:15:00.000,M1.0,"(16, -21)",12422
2015-09-28,2015-09-28 03:45:00.000,2015-09-28 03:55:00.000,2015-09-28 03:59:00.000,M3.6,"(67, -9)",12423
2015-09-28,2015-09-28 07:27:00.000,2015-09-28 07:35:00.000,2015-09-28 07:46:00.000,M1.1,"(20, -22)",12422
2015-09-28,2015-09-28 13:01:00.000,2015-09-28 13:18:00.000,2015-09-28 13:29:00.000,M1.1,"(0, 0)",12422
2015-09-28,2015-09-28 14:53:00.000,2015-09-28 14:58:00.000,2015-09-28 15:03:00.000,M7.6,"(0, 0)",12422
2015-09-29,2015-09-29 03:11:00.000,2015-09-29 03:16:00.000,2015-09-29 03:31:00.000,M1.2,"(78, -8)",12423
2015-09-29,2015-09-29 03:41:00.000,2015-09-29 03:43:00.000,2015-09-29 03:53:00.000,M1.1,"(36, -20)",12422
2015-09-29,2015-09-29 05:05:00.000,2015-09-29 05:16:00.000,2015-09-29 05:23:00.000,M2.9,"(37, -21)",12422
2015-09-29,2015-09-29 05:33:00.000,2015-09-29 05:37:00.000,2015-09-29 05:39:00.000,M1.2,"(82, -9)",12423
2015-09-29,2015-09-29 05:53:00.000,2015-09-29 05:56:00.000,2015-09-29 06:04:00.000,M1.0,"(0, 0)",12422
2015-09-29,2015-09-29 06:39:00.000,2015-09-29 06:43:00.000,2015-09-29 06:46:00.000,M1.4,"(34, -20)",12422
2015-09-29,2015-09-29 08:46:00.000,2015-09-29 08:51:00.000,2015-09-29 08:55:00.000,M1.3,"(0, 0)",12423
2015-09-29,2015-09-29 11:09:00.000,2015-09-29 11:15:00.000,2015-09-29 11:20:00.000,M1.6,"(37, -21)",12422
2015-09-29,2015-09-29 19:20:00.000,2015-09-29 19:24:00.000,2015-09-29 19:27:00.000,M1.1,"(36, -20)",12422
2015-09-30,2015-09-30 10:49:00.000,2015-09-30 10:59:00.000,2015-09-30 11:13:00.000,M1.3,"(0, 0)",12422
2015-09-30,2015-09-30 13:18:00.000,2015-09-30 13:20:00.000,2015-09-30 13:21:00.000,M1.1,"(59, -23)",12422
2015-10-01,2015-10-01 13:03:00.000,2015-10-01 13:10:00.000,2015-10-01 13:14:00.000,M4.5,"(64, -23)",12422
2015-10-02,2015-10-02 00:06:00.000,2015-10-02 00:13:00.000,2015-10-02 00:17:00.000,M5.5,"(67, -19)",12422
2015-10-02,2015-10-02 12:19:00.000,2015-10-02 12:26:00.000,2015-10-02 12:31:00.000,M1.0,"(0, 0)",12422
2015-10-02,2015-10-02 17:08:00.000,2015-10-02 17:18:00.000,2015-10-02 17:23:00.000,M1.0,"(76, -19)",12422
2015-10-04,2015-10-04 02:34:00.000,2015-10-04 02:41:00.000,2015-10-04 02:48:00.000,M1.0,"(0, 0)",12422
2015-10-15,2015-10-15 23:27:00.000,2015-10-15 23:31:00.000,2015-10-15 23:37:00.000,M1.1,"(-50, -11)",12434
2015-10-16,2015-10-16 06:11:00.000,2015-10-16 06:16:00.000,2015-10-16 06:20:00.000,M1.1,"(-46, -11)",12434
2015-10-17,2015-10-17 20:09:00.000,2015-10-17 20:23:00.000,2015-10-17 20:28:00.000,M1.1,"(0, 0)",12437
2015-10-17,2015-10-17 20:35:00.000,2015-10-17 20:42:00.000,2015-10-17 20:46:00.000,M1.5,"(0, 0)",12437
2015-10-31,2015-10-31 17:48:00.000,2015-10-31 17:52:00.000,2015-10-31 17:55:00.000,M1.0,"(-51, 6)",12443
2015-11-04,2015-11-04 03:20:00.000,2015-11-04 03:26:00.000,2015-11-04 03:29:00.000,M1.9,"(64, 15)",12445
2015-11-04,2015-11-04 11:55:00.000,2015-11-04 12:03:00.000,2015-11-04 12:06:00.000,M2.5,"(0, 0)",12445
2015-11-04,2015-11-04 13:31:00.000,2015-11-04 13:52:00.000,2015-11-04 14:13:00.000,M3.7,"(0, 0)",12443
2015-11-09,2015-11-09 12:49:00.000,2015-11-09 13:12:00.000,2015-11-09 13:28:00.000,M3.9,"(-41, -11)",12449
2015-12-21,2015-12-21 00:52:00.000,2015-12-21 01:03:00.000,2015-12-21 01:11:00.000,M2.8,"(0, 0)",12472
2015-12-21,2015-12-21 10:09:00.000,2015-12-21 10:19:00.000,2015-12-21 10:32:00.000,M1.1,"(-85, 4)",12472
2015-12-22,2015-12-22 03:15:00.000,2015-12-22 03:34:00.000,2015-12-22 03:48:00.000,M1.6,"(-75, -23)",12473
2015-12-23,2015-12-23 00:23:00.000,2015-12-23 00:40:00.000,2015-12-23 00:52:00.000,M4.7,"(-63, -22)",12473
2015-12-24,2015-12-24 01:49:00.000,2015-12-24 02:12:00.000,2015-12-24 02:22:00.000,M1.1,"(0, 0)",12473
2015-12-28,2015-12-28 11:20:00.000,2015-12-28 12:45:00.000,2015-12-28 14:09:00.000,M1.8,"(0, 0)",12473
2016-01-01,2016-01-01 23:10:00.000,2016-01-02 00:11:00.000,2016-01-02 01:01:00.000,M2.3,"(0, 0)",12473
2016-02-12,2016-02-12 10:36:00.000,2016-02-12 10:47:00.000,2016-02-12 10:53:00.000,M1.0,"(0, 0)",12497
2016-02-13,2016-02-13 15:16:00.000,2016-02-13 15:24:00.000,2016-02-13 15:26:00.000,M1.8,"(25, 13)",12497
2016-02-14,2016-02-14 19:18:00.000,2016-02-14 19:26:00.000,2016-02-14 19:29:00.000,M1.0,"(47, 15)",12497
2016-02-15,2016-02-15 10:41:00.000,2016-02-15 11:00:00.000,2016-02-15 11:06:00.000,M1.1,"(52, 10)",12497
2016-04-18,2016-04-18 00:14:00.000,2016-04-18 00:29:00.000,2016-04-18 00:39:00.000,M6.7,"(62, 12)",12529
2016-07-21,2016-07-21 00:42:00.000,2016-07-21 00:46:00.000,2016-07-21 00:50:00.000,M1.2,"(0, 0)",12567
2016-07-21,2016-07-21 01:34:00.000,2016-07-21 01:49:00.000,2016-07-21 02:04:00.000,M1.0,"(0, 0)",12567
2016-07-23,2016-07-23 01:46:00.000,2016-07-23 02:11:00.000,2016-07-23 02:23:00.000,M5.0,"(0, 0)",12567
2016-07-23,2016-07-23 05:00:00.000,2016-07-23 05:16:00.000,2016-07-23 05:24:00.000,M7.6,"(0, 0)",12567
2016-07-23,2016-07-23 05:27:00.000,2016-07-23 05:31:00.000,2016-07-23 05:33:00.000,M5.5,"(74, 2)",12567
2016-07-24,2016-07-24 06:09:00.000,2016-07-24 06:20:00.000,2016-07-24 06:32:00.000,M2.0,"(84, 3)",12567
2016-07-24,2016-07-24 17:30:00.000,2016-07-24 17:43:00.000,2016-07-24 18:12:00.000,M1.9,"(0, 0)",12567
2016-08-07,2016-08-07 14:37:00.000,2016-08-07 14:44:00.000,2016-08-07 14:48:00.000,M1.3,"(0, 0)",0
2016-11-29,2016-11-29 17:19:00.000,2016-11-29 17:23:00.000,2016-11-29 17:26:00.000,M1.0,"(-55, -7)",12615
2016-11-29,2016-11-29 23:29:00.000,2016-11-29 23:38:00.000,2016-11-29 23:40:00.000,M1.2,"(-52, -8)",12615
2017-04-01,2017-04-01 21:35:00.000,2017-04-01 21:48:00.000,2017-04-01 22:05:00.000,M4.4,"(0, 0)",12644
2017-04-02,2017-04-02 07:50:00.000,2017-04-02 08:02:00.000,2017-04-02 08:13:00.000,M5.3,"(59, 12)",12644
2017-04-02,2017-04-02 12:52:00.000,2017-04-02 13:00:00.000,2017-04-02 13:11:00.000,M2.3,"(0, 0)",12644
2017-04-02,2017-04-02 18:18:00.000,2017-04-02 18:38:00.000,2017-04-02 19:28:00.000,M2.1,"(68, 16)",12644
2017-04-02,2017-04-02 20:26:00.000,2017-04-02 20:33:00.000,2017-04-02 20:38:00.000,M5.7,"(0, 0)",12644
2017-04-03,2017-04-03 00:56:00.000,2017-04-03 01:05:00.000,2017-04-03 01:12:00.000,M1.2,"(75, 15)",12644
2017-04-03,2017-04-03 14:19:00.000,2017-04-03 14:29:00.000,2017-04-03 14:34:00.000,M5.8,"(0, 0)",12644
2017-07-03,2017-07-03 15:37:00.000,2017-07-03 16:15:00.000,2017-07-03 16:18:00.000,M1.3,"(0, 0)",0
2017-07-09,2017-07-09 03:09:00.000,2017-07-09 03:18:00.000,2017-07-09 03:37:00.000,M1.3,"(-37, -8)",12665
2017-07-14,2017-07-14 01:07:00.000,2017-07-14 02:09:00.000,2017-07-14 03:24:00.000,M2.4,"(29, -6)",12665
2017-08-20,2017-08-20 01:36:00.000,2017-08-20 01:52:00.000,2017-08-20 02:03:00.000,M1.1,"(0, 0)",12672
2017-09-04,2017-09-04 05:36:00.000,2017-09-04 05:49:00.000,2017-09-04 06:05:00.000,M1.2,"(4, -10)",12673
2017-09-04,2017-09-04 15:11:00.000,2017-09-04 15:30:00.000,2017-09-04 15:33:00.000,M1.5,"(13, -6)",12673
2017-09-04,2017-09-04 18:05:00.000,2017-09-04 18:22:00.000,2017-09-04 18:31:00.000,M1.0,"(0, 0)",12673
2017-09-04,2017-09-04 18:46:00.000,2017-09-04 19:37:00.000,2017-09-04 19:52:00.000,M1.7,"(0, 0)",12673
2017-09-04,2017-09-04 19:59:00.000,2017-09-04 20:02:00.000,2017-09-04 20:06:00.000,M1.5,"(0, 0)",12673
2017-09-04,2017-09-04 20:28:00.000,2017-09-04 20:33:00.000,2017-09-04 20:37:00.000,M5.5,"(16, -11)",12673
2017-09-04,2017-09-04 22:10:00.000,2017-09-04 22:14:00.000,2017-09-04 22:19:00.000,M2.1,"(0, 0)",12673
2017-09-05,2017-09-05 01:03:00.000,2017-09-05 01:08:00.000,2017-09-05 01:11:00.000,M4.2,"(0, 0)",12673
2017-09-05,2017-09-05 03:42:00.000,2017-09-05 03:51:00.000,2017-09-05 04:04:00.000,M1.0,"(0, 0)",12673
2017-09-05,2017-09-05 04:33:00.000,2017-09-05 04:53:00.000,2017-09-05 05:07:00.000,M3.2,"(0, 0)",12673
2017-09-05,2017-09-05 06:33:00.000,2017-09-05 06:40:00.000,2017-09-05 06:43:00.000,M3.8,"(0, 0)",12673
2017-09-05,2017-09-05 17:37:00.000,2017-09-05 17:43:00.000,2017-09-05 17:51:00.000,M2.3,"(24, -9)",12673
2017-09-06,2017-09-06 08:57:00.000,2017-09-06 09:10:00.000,2017-09-06 09:17:00.000,X2.2,"(33, -7)",12673
2017-09-06,2017-09-06 11:53:00.000,2017-09-06 12:02:00.000,2017-09-06 12:10:00.000,X9.3,"(33, -8)",12673
2017-09-06,2017-09-06 15:51:00.000,2017-09-06 15:56:00.000,2017-09-06 16:03:00.000,M2.5,"(38, -9)",12673
2017-09-06,2017-09-06 19:21:00.000,2017-09-06 19:30:00.000,2017-09-06 19:35:00.000,M1.4,"(0, 0)",12673
2017-09-06,2017-09-06 23:33:00.000,2017-09-06 23:39:00.000,2017-09-06 23:44:00.000,M1.2,"(0, 0)",0
2017-09-07,2017-09-07 04:59:00.000,2017-09-07 05:02:00.000,2017-09-07 05:08:00.000,M2.4,"(0, 0)",12673
2017-09-07,2017-09-07 09:49:00.000,2017-09-07 09:54:00.000,2017-09-07 09:58:00.000,M1.4,"(0, 0)",12673
2017-09-07,2017-09-07 10:11:00.000,2017-09-07 10:15:00.000,2017-09-07 10:18:00.000,M7.3,"(0, 0)",12673
2017-09-07,2017-09-07 14:20:00.000,2017-09-07 14:36:00.000,2017-09-07 14:55:00.000,X1.3,"(49, -11)",12673
2017-09-07,2017-09-07 23:50:00.000,2017-09-07 23:59:00.000,2017-09-08 00:14:00.000,M3.9,"(0, 0)",12673
2017-09-08,2017-09-08 02:19:00.000,2017-09-08 02:24:00.000,2017-09-08 02:29:00.000,M1.3,"(54, -9)",12673
2017-09-08,2017-09-08 03:39:00.000,2017-09-08 03:43:00.000,2017-09-08 03:45:00.000,M1.2,"(55, -6)",12673
2017-09-08,2017-09-08 07:40:00.000,2017-09-08 07:49:00.000,2017-09-08 07:58:00.000,M8.1,"(57, -10)",12673
2017-09-08,2017-09-08 15:09:00.000,2017-09-08 15:47:00.000,2017-09-08 16:04:00.000,M2.9,"(68, -8)",12673
2017-09-08,2017-09-08 23:33:00.000,2017-09-08 23:45:00.000,2017-09-08 23:56:00.000,M2.1,"(0, 0)",12673
2017-09-09,2017-09-09 04:14:00.000,2017-09-09 04:28:00.000,2017-09-09 04:43:00.000,M1.1,"(69, -13)",12673
2017-09-09,2017-09-09 10:50:00.000,2017-09-09 11:04:00.000,2017-09-09 11:42:00.000,M3.7,"(0, 0)",12673
2017-09-09,2017-09-09 22:04:00.000,2017-09-09 23:53:00.000,2017-09-10 00:41:00.000,M1.1,"(74, -7)",12673
2017-09-10,2017-09-10 15:35:00.000,2017-09-10 16:06:00.000,2017-09-10 16:31:00.000,X8.2,"(0, 0)",12673
2017-10-20,2017-10-20 23:10:00.000,2017-10-20 23:28:00.000,2017-10-20 23:37:00.000,M1.1,"(0, 0)",12685
